久红瑞,1.80,1.90,2.00,甜瓜类,斤,2021-06-16
绿宝甜瓜,2.00,2.75,3.50,甜瓜类,斤,2021-06-16
博阳（系列）,1.80,2.40,3.00,甜瓜类,斤,2021-06-16
景甜,1.50,1.75,2.00,甜瓜类,斤,2021-06-16
东北香瓜,2.00,2.20,2.40,甜瓜类,斤,2021-06-16
富士（纸袋Φ70-84）,1.80,2.30,2.80,苹果类,斤,2021-06-16
富士（纸+膜袋）,1.50,1.75,2.00,苹果类,斤,2021-06-16
富士（纸袋Φ85以上）,2.50,3.00,3.50,苹果类,斤,2021-06-16
黄元帅,1.50,1.75,2.00,苹果类,斤,2021-06-16
花牛(Φ70-85),1.40,2.00,2.60,苹果类,斤,2021-06-16
新疆阿克苏（冰糖心）,3.00,3.50,4.00,苹果类,斤,2021-06-16
国光苹果,1.00,1.40,1.80,苹果类,斤,2021-06-16
辽宁寒富苹果,1.50,1.75,2.00,苹果类,斤,2021-06-16
巨峰葡萄,4.00,5.00,6.00,葡萄类,斤,2021-06-16
红提葡萄,8.00,9.00,10.00,葡萄类,斤,2021-06-16
阳光玫瑰葡萄,20.00,30.00,40.00,葡萄类,斤,2021-06-16
玫瑰香葡萄,5.00,6.00,7.00,葡萄类,斤,2021-06-16
黑提葡萄、夏黑,6.00,7.50,9.00,葡萄类,斤,2021-06-16
乒乓球葡萄,6.00,8.00,10.00,葡萄类,斤,2021-06-16
维多利亚葡萄,3.00,4.50,6.00,葡萄类,斤,2021-06-16
猪肚,18.00,18.00,18.00,猪肉类,斤,2021-06-16
猪板油,9.00,9.00,9.00,猪肉类,斤,2021-06-16
肥膘肉,6.00,6.50,7.00,猪肉类,斤,2021-06-16
猪腰子,18.00,18.00,18.00,猪肉类,斤,2021-06-16
猪心,9.00,9.00,9.00,猪肉类,斤,2021-06-16
猪肝,8.00,8.00,8.00,猪肉类,斤,2021-06-16
猪肺,4.00,4.25,4.50,猪肉类,个,2021-06-16
猪皮,3.00,4.00,5.00,猪肉类,斤,2021-06-16
猪肠头,22.00,22.00,22.00,猪肉类,斤,2021-06-16
猪肠,20.00,20.50,21.00,猪肉类,斤,2021-06-16
整牛,33.00,33.00,33.00,牛肉类,斤,2021-06-16
牛前腱,36.00,36.25,36.50,牛肉类,斤,2021-06-16
牛后腱,36.00,36.25,36.50,牛肉类,斤,2021-06-16
牛前腿,34.00,34.50,35.00,牛肉类,斤,2021-06-16
牛后腿,34.00,34.50,35.00,牛肉类,斤,2021-06-16
牛柳（里脊）,37.00,37.50,38.00,牛肉类,斤,2021-06-16
精牛柳,41.00,42.00,43.00,牛肉类,斤,2021-06-16
牛腩,34.00,34.50,35.00,牛肉类,斤,2021-06-16
牛林,34.00,34.50,35.00,牛肉类,斤,2021-06-16
牛骨,4.50,4.75,5.00,牛肉类,斤,2021-06-16
金针菇,1.50,1.75,2.00,普通,斤,2021-06-16
大白菜,0.45,0.50,0.55,储存新,斤,2021-06-16
娃娃菜,0.50,0.60,0.70,大小,斤,2021-06-16
小白菜,0.60,0.70,0.80,普通,斤,2021-06-16
芹菜,0.80,0.90,1.00,冀,斤,2021-06-16
西芹,1.40,1.60,1.80,普通,斤,2021-06-16
菠菜,1.50,1.75,2.00,冀蒙,斤,2021-06-16
莴笋,0.80,1.05,1.30,冀鲁,斤,2021-06-16
团生菜,0.80,0.90,1.00,毛|净,斤,2021-06-16
圆白菜,0.40,0.55,0.70,冀,斤,2021-06-16
紫甘蓝,0.60,0.65,0.70,冀,斤,2021-06-16
散叶生菜,1.00,1.25,1.50,京冀,斤,2021-06-16
油菜,0.80,1.00,1.20,京冀,斤,2021-06-16
香菜,2.00,3.00,4.00,冀,斤,2021-06-16
茴香,1.00,1.15,1.30,冀,斤,2021-06-16
韭菜,1.00,1.10,1.20,普通,斤,2021-06-16
韭菜苔,3.80,3.90,4.00,普通,斤,2021-06-16
苦菊,1.00,1.15,1.30,辽,斤,2021-06-16
油麦菜,2.00,2.50,3.00,京,斤,2021-06-16
散菜花,1.30,1.50,1.70,豫苏,斤,2021-06-16
凉薯,2.00,2.15,2.30,普通,斤,2021-06-16
荸荠,3.00,3.40,3.80,皖,斤,2021-06-16
芋头,2.00,2.25,2.50,鲁,斤,2021-06-16
姜,3.00,4.00,5.00,姜头整,斤,2021-06-16
大蒜,2.50,3.00,3.50,普通,斤,2021-06-16
新蒜,2.50,2.75,3.00,泥,斤,2021-06-16
蒜米,3.20,3.50,3.80,普通,斤,2021-06-16
大葱,0.80,1.00,1.20,冀鲁,斤,2021-06-16
小葱,1.00,1.10,1.20,普通,斤,2021-06-16
蒜苗,2.00,3.25,4.50,苏鲁,斤,2021-06-16
蒜黄,5.00,5.50,6.00,冀,斤,2021-06-16
青蒜,2.00,2.30,2.60,冀,斤,2021-06-16
平菇,2.00,3.00,4.00,小叶,斤,2021-06-16
香菇,3.00,4.00,5.00,普通,斤,2021-06-16
白玉菇,3.00,3.40,3.80,普通,斤,2021-06-16
口蘑,7.00,7.25,7.50,普通,斤,2021-06-16
杏鲍菇,2.00,2.75,3.50,普通,斤,2021-06-16
油菜,1.00,1.25,1.50,水菜,斤,2021-06-16
小白菜,2.00,2.25,2.50,水菜,斤,2021-06-16
油麦菜,2.00,2.25,2.50,水菜,斤,2021-06-16
绿菜花,1.20,1.60,2.00,京 冀,斤,2021-06-16
菜花,1.10,1.30,1.50,冀,斤,2021-06-16
绿豆芽,0.95,0.98,1.00,普通,斤,2021-06-16
黄豆芽,0.85,0.88,0.90,普通,斤,2021-06-16
紫菜苔,3.00,3.10,3.20,普通,斤,2021-06-16
番茄,1.00,1.25,1.50,川鲁蒙,斤,2021-06-16
番茄（精品）,1.40,1.60,1.80,鲁新,斤,2021-06-16
樱西,2.80,2.90,3.00,小红,斤,2021-06-16
黄瓜,0.60,0.80,1.00,蒙辽袋鲁,斤,2021-06-16
黄瓜(鲜干花),0.80,0.90,1.00,冀,斤,2021-06-16
小黄瓜,1.20,1.60,2.00,旱荷兰,斤,2021-06-16
茄子,0.80,1.00,1.20,冀,斤,2021-06-16
长茄,0.80,1.10,1.40,辽,斤,2021-06-16
广茄,1.30,2.15,3.00,冀,斤,2021-06-16
线茄,2.00,2.50,3.00,冀,斤,2021-06-16
吊冬瓜,0.65,0.70,0.75,冀,斤,2021-06-16
地冬瓜,0.50,0.55,0.60,冀,斤,2021-06-16
小毛冬瓜,0.80,1.00,1.20,冀长,斤,2021-06-16
架豆,1.00,1.50,2.00,普通,斤,2021-06-16
豆王,1.80,2.90,4.00,普通,斤,2021-06-16
柿子椒,1.00,1.25,1.50,鲁新,斤,2021-06-16
线椒,1.50,1.75,2.00,鲁琼新,斤,2021-06-16
杭椒,1.80,2.15,2.50,普通,斤,2021-06-16
小米椒,4.00,5.00,6.00,滇,斤,2021-06-16
彩椒,3.50,4.00,4.50,红黄,斤,2021-06-16
白萝卜,0.30,0.35,0.40,冀,斤,2021-06-16
心里美,0.70,0.75,0.80,冀新,斤,2021-06-16
卞萝卜,0.40,0.45,0.50,冀,斤,2021-06-16
青萝卜,0.80,0.85,0.90,冀鲁新,斤,2021-06-16
胡萝卜,0.60,0.75,0.90,冀鲁新,斤,2021-06-16
胡萝卜（洗）,0.90,0.95,1.00,冀鲁,斤,2021-06-16
土豆,0.60,0.85,1.10,鲁,斤,2021-06-16
黄葱头,0.80,0.90,1.00,蒙甘,斤,2021-06-16
红葱头,1.00,1.10,1.20,老新,斤,2021-06-16
山药,2.00,2.35,2.70,脆麻新,斤,2021-06-16
铁棍山药,5.00,5.50,6.00,普通,斤,2021-06-16
莲藕,6.00,7.00,8.00,冀云,斤,2021-06-16
红薯,1.00,1.10,1.20,冀新,斤,2021-06-16
红薯,1.40,1.50,1.60,精品,斤,2021-06-16
茭白,2.00,2.30,2.60,京浙,斤,2021-06-16
扁豆,2.00,3.00,4.00,冀鲁聊城,斤,2021-06-16
豇豆,2.00,2.75,3.50,鲁京,斤,2021-06-16
白不老,1.60,1.70,1.80,滇|鲁,斤,2021-06-16
锅里变架豆,1.30,1.40,1.50,普通,斤,2021-06-16
油豆,2.20,2.85,3.50,鲁,斤,2021-06-16
毛豆,3.80,3.90,4.00,普通,斤,2021-06-16
豌豆,1.30,1.50,1.70,普通,斤,2021-06-16
荷兰豆,5.00,5.50,6.00,冀云,斤,2021-06-16
玉米,1.00,1.25,1.50,川冀,斤,2021-06-16
花生,4.50,4.75,5.00,广东海南,斤,2021-06-16
苦瓜,1.50,1.75,2.00,冀鲁,斤,2021-06-16
丝瓜,1.50,1.75,2.00,豫鲁,斤,2021-06-16
丝瓜,2.00,2.25,2.50,短,斤,2021-06-16
瓠子,0.80,1.15,1.50,普通,斤,2021-06-16
西葫芦,0.60,0.80,1.00,滇鲁,斤,2021-06-16
佛手瓜,2.50,2.75,3.00,普通,斤,2021-06-16
金丝南瓜,0.50,0.55,0.60,鲁冀,斤,2021-06-16
南北瓜,0.80,0.85,0.90,桂,斤,2021-06-16
尖椒,1.00,1.25,1.50,冀晋鲁新,斤,2021-06-16
螺丝椒,1.50,1.75,2.00,普通,斤,2021-06-16
小黄瓜,1.60,2.10,2.60,旱荷兰,斤,2021-06-15
茄子,0.80,1.00,1.20,冀,斤,2021-06-15
长茄,0.80,1.10,1.40,辽,斤,2021-06-15
广茄,1.30,2.15,3.00,冀,斤,2021-06-15
线茄,2.00,2.50,3.00,冀,斤,2021-06-15
吊冬瓜,0.65,0.73,0.80,冀,斤,2021-06-15
地冬瓜,0.50,0.55,0.60,冀,斤,2021-06-15
小毛冬瓜,0.80,1.00,1.20,冀长,斤,2021-06-15
架豆,2.00,2.25,2.50,普通,斤,2021-06-15
豆王,1.80,2.90,4.00,普通,斤,2021-06-15
扁豆,2.00,3.00,4.00,冀鲁聊城,斤,2021-06-15
豇豆,1.70,2.15,2.60,鲁京,斤,2021-06-15
白不老,1.60,1.70,1.80,滇|鲁,斤,2021-06-15
锅里变架豆,1.30,1.40,1.50,普通,斤,2021-06-15
油豆,2.00,2.75,3.50,鲁,斤,2021-06-15
毛豆,3.80,3.90,4.00,普通,斤,2021-06-15
豌豆,1.30,1.50,1.70,普通,斤,2021-06-15
荷兰豆,5.00,5.60,6.20,冀云,斤,2021-06-15
玉米,1.00,1.25,1.50,川冀,斤,2021-06-15
花生,4.50,5.00,5.50,广东海南,斤,2021-06-15
豌豆苗,4.00,4.25,4.50,水菜,斤,2021-06-16
快菜,1.00,1.25,1.50,水菜,斤,2021-06-16
苦菊,1.50,1.75,2.00,水菜,斤,2021-06-16
穿心莲,1.50,1.75,2.00,水菜,斤,2021-06-16
木耳菜,1.80,1.90,2.00,水菜,斤,2021-06-16
箱装菠萝（上六下六）,1.40,1.60,1.80,其他类,斤,2021-06-16
百香果,10.00,11.00,12.00,其他类,斤,2021-06-16
桑葚,3.00,4.00,5.00,其他类,斤,2021-06-16
杨梅,10.00,12.00,14.00,其他类,斤,2021-06-16
蓝莓,13.00,27.00,41.00,其他类,斤,2021-06-16
火龙果,3.00,4.50,6.00,其他类,斤,2021-06-16
木瓜,3.00,3.25,3.50,其他类,斤,2021-06-16
柠檬,3.50,3.75,4.00,其他类,斤,2021-06-16
山楂,6.00,7.00,8.00,其他类,斤,2021-06-16
姑娘果（灯笼果）,15.00,19.00,23.00,其他类,斤,2021-06-16
鸭梨,1.20,1.35,1.50,梨类,斤,2021-06-16
雪花梨,1.40,1.50,1.60,梨类,斤,2021-06-16
皇冠梨（标箱）,1.80,2.00,2.20,梨类,斤,2021-06-16
青皇冠,1.50,1.70,1.90,梨类,斤,2021-06-16
丰水梨,1.80,2.10,2.40,梨类,斤,2021-06-16
酥梨,1.50,1.65,1.80,梨类,斤,2021-06-16
库尔勒香梨,3.00,3.25,3.50,梨类,斤,2021-06-16
红啤梨,3.00,3.25,3.50,梨类,斤,2021-06-16
耙耙柑、丑橘,2.00,2.50,3.00,柑橘类,斤,2021-06-16
沃柑,3.50,4.00,4.50,柑橘类,斤,2021-06-16
夏橙,2.00,2.50,3.00,柑橘类,斤,2021-06-16
伦晚,1.80,2.40,3.00,柑橘类,斤,2021-06-16
油桃,2.50,4.00,5.50,桃李杏类,斤,2021-06-16
蟠桃,4.00,5.50,7.00,桃李杏类,斤,2021-06-16
水蜜桃,8.00,9.00,10.00,桃李杏类,斤,2021-06-16
春雪,2.80,5.40,8.00,桃李杏类,斤,2021-06-16
黄油桃,5.00,6.50,8.00,桃李杏类,斤,2021-06-16
黄毛桃,5.00,6.50,8.00,桃李杏类,斤,2021-06-16
突围,2.50,3.00,3.50,桃李杏类,斤,2021-06-16
猕猴桃（徐香翠香）,2.50,3.25,4.00,桃李杏类,斤,2021-06-16
猕猴桃（海沃德）,2.00,2.25,2.50,桃李杏类,斤,2021-06-16
胭脂杏,3.00,3.50,4.00,桃李杏类,斤,2021-06-16
李子,2.50,4.25,6.00,桃李杏类,斤,2021-06-16
杏梅,2.00,3.00,4.00,桃李杏类,斤,2021-06-16
金太阳,1.20,1.60,2.00,桃李杏类,斤,2021-06-16
维多利亚葡萄,4.00,5.00,6.00,葡萄类,斤,2021-06-14
郁金香,9.00,10.00,11.00,葡萄类,斤,2021-06-14
紫甜,8.00,8.50,9.00,葡萄类,斤,2021-06-14
台农小芒果,2.50,3.00,3.50,芒果类,斤,2021-06-14
台农大芒果,2.50,3.75,5.00,芒果类,斤,2021-06-14
红金龙,4.00,5.00,6.00,芒果类,斤,2021-06-14
高乐密,2.50,3.75,5.00,芒果类,斤,2021-06-14
青皮芒果,3.00,3.50,4.00,芒果类,斤,2021-06-14
水仙芒果,3.50,4.50,5.50,芒果类,斤,2021-06-14
肯特新世纪澳芒,3.00,4.50,6.00,芒果类,斤,2021-06-14
妃子笑,4.00,5.00,6.00,荔枝类,斤,2021-06-14
荔枝王,9.00,9.50,10.00,荔枝类,斤,2021-06-14
鸡嘴荔枝,7.00,8.00,9.00,荔枝类,斤,2021-06-14
玉荷包荔枝,4.00,4.25,4.50,荔枝类,斤,2021-06-14
桂味,8.00,9.00,10.00,荔枝类,斤,2021-06-14
越荔荔枝,7.00,8.00,9.00,荔枝类,斤,2021-06-14
红灯,8.00,10.50,13.00,樱桃类,斤,2021-06-14
水晶,10.00,14.00,18.00,樱桃类,斤,2021-06-14
美早,6.50,23.25,40.00,樱桃类,斤,2021-06-14
布鲁克斯,6.00,11.00,16.00,樱桃类,斤,2021-06-14
先锋樱桃,5.00,10.00,15.00,樱桃类,斤,2021-06-14
冰库,8.00,10.00,12.00,樱桃类,斤,2021-06-14
沙蜜托,7.00,10.50,14.00,樱桃类,斤,2021-06-14
箱装菠萝（上六下六）,1.40,1.60,1.80,其他类,斤,2021-06-14
百香果,10.00,11.00,12.00,其他类,斤,2021-06-14
桑葚,3.00,4.00,5.00,其他类,斤,2021-06-14
红颜九九草莓,7.00,8.00,9.00,其他类,斤,2021-06-14
杨梅,10.00,12.00,14.00,其他类,斤,2021-06-14
蓝莓,13.00,27.00,41.00,其他类,斤,2021-06-14
火龙果,3.00,4.50,6.00,其他类,斤,2021-06-14
木瓜,3.00,3.25,3.50,其他类,斤,2021-06-14
柠檬,3.50,3.75,4.00,其他类,斤,2021-06-14
黑枣,5.00,5.50,6.00,其他类,斤,2021-06-14
山楂,6.00,7.00,8.00,其他类,斤,2021-06-14
姑娘果（灯笼果）,15.00,19.00,23.00,其他类,斤,2021-06-14
鸭梨,1.20,1.35,1.50,梨类,斤,2021-06-14
雪花梨,1.40,1.50,1.60,梨类,斤,2021-06-14
皇冠梨（标箱）,1.80,2.15,2.50,梨类,斤,2021-06-14
青皇冠,1.50,1.70,1.90,梨类,斤,2021-06-14
丰水梨,1.80,2.10,2.40,梨类,斤,2021-06-14
胡萝卜（洗）,0.90,0.95,1.00,冀鲁,斤,2021-06-15
土豆,0.70,0.80,0.90,冀,斤,2021-06-15
新土豆（黄心）,0.80,1.00,1.20,鲁,斤,2021-06-15
黄葱头,0.80,0.90,1.00,蒙甘,斤,2021-06-15
红葱头,1.00,1.10,1.20,老新,斤,2021-06-15
山药,2.00,2.35,2.70,脆麻新,斤,2021-06-15
铁棍山药,5.00,5.50,6.00,普通,斤,2021-06-15
莲藕,6.00,7.00,8.00,冀云,斤,2021-06-15
红薯,1.00,1.15,1.30,冀新,斤,2021-06-15
红薯,1.50,1.75,2.00,精品,斤,2021-06-15
茭白,2.00,2.30,2.60,京浙,斤,2021-06-15
凉薯,2.00,2.15,2.30,普通,斤,2021-06-15
荸荠,3.00,3.40,3.80,皖,斤,2021-06-15
芋头,2.00,2.25,2.50,鲁,斤,2021-06-15
姜,3.00,4.00,5.00,姜头整,斤,2021-06-15
大蒜,2.50,3.00,3.50,普通,斤,2021-06-15
新蒜,2.50,2.75,3.00,泥,斤,2021-06-15
蒜米,3.20,3.50,3.80,普通,斤,2021-06-15
大葱,0.80,1.00,1.20,冀鲁,斤,2021-06-15
小葱,1.00,1.10,1.20,普通,斤,2021-06-15
酥梨,1.50,1.65,1.80,梨类,斤,2021-06-14
库尔勒香梨,3.00,3.25,3.50,梨类,斤,2021-06-14
红香酥梨系列,1.50,1.75,2.00,梨类,斤,2021-06-14
红啤梨,3.00,3.25,3.50,梨类,斤,2021-06-14
耙耙柑、丑橘,2.00,2.50,3.00,柑橘类,斤,2021-06-14
沃柑,3.50,4.00,4.50,柑橘类,斤,2021-06-14
夏橙,2.00,2.50,3.00,柑橘类,斤,2021-06-14
金桔,5.00,6.00,7.00,柑橘类,斤,2021-06-14
伦晚,1.80,2.40,3.00,柑橘类,斤,2021-06-14
油桃,2.50,4.25,6.00,桃李杏类,斤,2021-06-14
蟠桃,4.00,5.50,7.00,桃李杏类,斤,2021-06-14
水蜜桃,8.00,9.00,10.00,桃李杏类,斤,2021-06-14
春雪,2.80,5.40,8.00,桃李杏类,斤,2021-06-14
黄油桃,5.00,6.50,8.00,桃李杏类,斤,2021-06-14
黄毛桃,5.00,6.50,8.00,桃李杏类,斤,2021-06-14
突围,2.50,3.00,3.50,桃李杏类,斤,2021-06-14
猕猴桃（徐香翠香）,2.50,3.25,4.00,桃李杏类,斤,2021-06-14
猕猴桃（海沃德）,2.00,2.25,2.50,桃李杏类,斤,2021-06-14
胭脂杏,3.00,3.50,4.00,桃李杏类,斤,2021-06-14
李子,2.50,4.25,6.00,桃李杏类,斤,2021-06-14
苦瓜,1.50,1.75,2.00,冀鲁,斤,2021-06-15
丝瓜,1.50,1.75,2.00,豫鲁,斤,2021-06-15
丝瓜,2.00,2.25,2.50,短,斤,2021-06-15
瓠子,0.80,1.15,1.50,普通,斤,2021-06-15
西葫芦,0.60,0.80,1.00,滇鲁,斤,2021-06-15
佛手瓜,2.50,2.75,3.00,普通,斤,2021-06-15
金丝南瓜,0.50,0.55,0.60,鲁冀,斤,2021-06-15
南北瓜,0.80,0.85,0.90,桂,斤,2021-06-15
尖椒,1.00,1.25,1.50,冀晋鲁新,斤,2021-06-15
螺丝椒,1.30,1.65,2.00,普通,斤,2021-06-15
柿子椒,1.00,1.25,1.50,鲁新,斤,2021-06-15
线椒,1.50,1.75,2.00,鲁琼新,斤,2021-06-15
杭椒,1.80,2.15,2.50,普通,斤,2021-06-15
小米椒,4.00,4.50,5.00,滇,斤,2021-06-15
彩椒,3.50,4.00,4.50,红黄,斤,2021-06-15
白萝卜,0.30,0.35,0.40,冀,斤,2021-06-15
心里美,0.70,0.75,0.80,冀新,斤,2021-06-15
卞萝卜,0.40,0.45,0.50,冀,斤,2021-06-15
青萝卜,0.80,0.85,0.90,冀鲁新,斤,2021-06-15
胡萝卜,0.60,0.75,0.90,冀鲁新,斤,2021-06-15
奶白菜,2.00,2.25,2.50,水菜,斤,2021-06-16
散生菜,1.00,1.25,1.50,水菜,斤,2021-06-16
香葱,1.50,2.25,3.00,水菜,斤,2021-06-16
茼蒿,5.50,5.75,6.00,水菜,斤,2021-06-16
蒿子秆,6.00,6.50,7.00,水菜,斤,2021-06-16
水萝卜,2.00,2.50,3.00,水菜,斤,2021-06-16
樱桃萝卜,3.00,3.25,3.50,水菜,斤,2021-06-16
香芹,2.00,2.25,2.50,水菜,斤,2021-06-16
菠菜,2.50,3.00,3.50,水菜,斤,2021-06-16
苋菜,3.00,3.00,3.00,水菜,斤,2021-06-16
菊花菜,2.00,2.25,2.50,水菜,斤,2021-06-16
青蒜,2.00,2.25,2.50,水菜,斤,2021-06-16
盖菜,3.00,3.25,3.50,水菜,斤,2021-06-16
芥兰,1.50,1.75,2.00,水菜,斤,2021-06-16
菜心,3.00,3.25,3.50,水菜,斤,2021-06-16
空心菜,2.50,2.75,3.00,水菜,斤,2021-06-16
鸡毛菜,3.00,3.50,4.00,水菜,斤,2021-06-16
荠菜,13.00,14.00,15.00,水菜,斤,2021-06-16
荆芥,4.00,4.50,5.00,水菜,斤,2021-06-16
紫苏叶,4.00,4.25,4.50,水菜,斤,2021-06-16
蒜苗,2.00,3.25,4.50,苏鲁,斤,2021-06-15
蒜黄,5.00,5.50,6.00,冀,斤,2021-06-15
青蒜,2.00,2.30,2.60,冀,斤,2021-06-15
平菇,2.00,2.75,3.50,小叶,斤,2021-06-15
油菜,1.00,1.25,1.50,水菜,斤,2021-06-15
小白菜,1.50,1.75,2.00,水菜,斤,2021-06-15
油麦菜,1.50,1.75,2.00,水菜,斤,2021-06-15
奶白菜,2.00,2.50,3.00,水菜,斤,2021-06-15
散生菜,1.00,1.25,1.50,水菜,斤,2021-06-15
香葱,1.80,2.15,2.50,水菜,斤,2021-06-15
茼蒿,4.50,4.75,5.00,水菜,斤,2021-06-15
蒿子秆,3.00,3.25,3.50,水菜,斤,2021-06-15
水萝卜,2.00,2.50,3.00,水菜,斤,2021-06-15
樱桃萝卜,2.00,2.50,3.00,水菜,斤,2021-06-15
香芹,1.50,1.75,2.00,水菜,斤,2021-06-15
菠菜,3.00,3.25,3.50,水菜,斤,2021-06-15
苋菜,2.50,2.75,3.00,水菜,斤,2021-06-15
菊花菜,1.00,1.25,1.50,水菜,斤,2021-06-15
青蒜,2.00,2.25,2.50,水菜,斤,2021-06-15
盖菜,1.50,1.75,2.00,水菜,斤,2021-06-15
凯特杏、白杏,2.00,2.50,3.00,桃李杏类,斤,2021-06-16
无籽小号-大号,1.80,1.90,2.00,西瓜类,斤,2021-06-16
麒麟、甜蜜蜜,1.80,2.10,2.40,西瓜类,斤,2021-06-16
特小风,2.00,2.25,2.50,西瓜类,斤,2021-06-16
L600吊秧瓜,1.80,2.15,2.50,西瓜类,斤,2021-06-16
甜王,0.90,1.05,1.20,西瓜类,斤,2021-06-16
蜜童,1.50,1.75,2.00,西瓜类,斤,2021-06-16
墨童西瓜,1.50,1.75,2.00,西瓜类,斤,2021-06-16
国产香蕉,2.20,2.50,2.80,香蕉类,斤,2021-06-16
南美、菲律宾香蕉,3.00,3.25,3.50,香蕉类,斤,2021-06-16
泰国香蕉（帝王蕉）,8.00,8.50,9.00,香蕉类,斤,2021-06-16
皇帝(小米）香蕉,3.00,3.40,3.80,香蕉类,斤,2021-06-16
晓蜜25号,1.80,2.00,2.20,甜瓜类,斤,2021-06-16
黄金瓜／金蜜,1.80,2.00,2.20,甜瓜类,斤,2021-06-16
玉菇,2.00,2.25,2.50,甜瓜类,斤,2021-06-16
网纹,3.00,3.50,4.00,甜瓜类,斤,2021-06-16
长香玉,1.40,1.50,1.60,甜瓜类,斤,2021-06-16
24白糖罐,1.50,1.75,2.00,甜瓜类,斤,2021-06-16
羊角蜜,2.00,2.50,3.00,甜瓜类,斤,2021-06-16
花蕾甜瓜,2.50,3.00,3.50,甜瓜类,斤,2021-06-16
沙蜜托,7.00,10.50,14.00,樱桃类,斤,2021-06-16
鸡排腿,7.50,7.50,7.50,禽肉类,斤,2021-06-16
鸡琵琶腿,7.50,7.75,8.00,禽肉类,斤,2021-06-16
鸡胗,12.00,12.50,13.00,禽肉类,斤,2021-06-16
鸡爪,16.00,16.00,16.00,禽肉类,斤,2021-06-16
鸡心,8.00,8.25,8.50,禽肉类,斤,2021-06-16
鸡头,2.00,2.25,2.50,禽肉类,斤,2021-06-16
鸡架子,2.00,2.25,2.50,禽肉类,斤,2021-06-16
鸡翅根,8.00,8.00,8.00,禽肉类,斤,2021-06-16
白条乌鸡（净膛）,13.00,13.00,13.00,禽肉类,斤,2021-06-16
黑爪公鸡（净膛）,15.00,15.00,15.00,禽肉类,斤,2021-06-16
箱鸡蛋,186.00,188.00,190.00,蛋类,斤,2021-06-16
箱鸡蛋,4.23,4.28,4.32,蛋类,斤,2021-06-16
散鸡蛋,4.50,4.60,4.50,蛋类,斤,2021-06-16
生鸭蛋,5.80,6.15,6.50,蛋类,斤,2021-06-16
熟鸭蛋,6.50,7.00,7.50,蛋类,斤,2021-06-16
松花蛋,6.50,7.25,8.00,蛋类,斤,2021-06-16
鹅蛋,12.00,12.50,13.00,蛋类,斤,2021-06-16
鹌鹑蛋,5.00,5.75,6.50,蛋类,斤,2021-06-16
柴鸡蛋,4.60,7.30,10.00,蛋类,斤,2021-06-16
郁金香,9.00,9.50,10.00,葡萄类,斤,2021-06-16
紫甜,8.00,8.50,9.00,葡萄类,斤,2021-06-16
台农小芒果,2.50,3.00,3.50,芒果类,斤,2021-06-16
台农大芒果,2.50,3.75,5.00,芒果类,斤,2021-06-16
红金龙,4.00,5.00,6.00,芒果类,斤,2021-06-16
高乐密,2.50,3.75,5.00,芒果类,斤,2021-06-16
青皮芒果,3.00,3.50,4.00,芒果类,斤,2021-06-16
水仙芒果,3.50,4.50,5.50,芒果类,斤,2021-06-16
肯特新世纪澳芒,3.00,4.50,6.00,芒果类,斤,2021-06-16
妃子笑,4.00,5.00,6.00,荔枝类,斤,2021-06-16
鸡嘴荔枝,7.00,8.00,9.00,荔枝类,斤,2021-06-16
玉荷包荔枝,4.00,4.25,4.50,荔枝类,斤,2021-06-16
桂味,8.00,9.00,10.00,荔枝类,斤,2021-06-16
越荔荔枝,7.00,8.00,9.00,荔枝类,斤,2021-06-16
红灯,8.00,10.50,13.00,樱桃类,斤,2021-06-16
水晶,10.00,14.00,18.00,樱桃类,斤,2021-06-16
美早,6.50,23.25,40.00,樱桃类,斤,2021-06-16
布鲁克斯,6.00,11.00,16.00,樱桃类,斤,2021-06-16
先锋樱桃,5.00,10.00,15.00,樱桃类,斤,2021-06-16
冰库,8.00,10.00,12.00,樱桃类,斤,2021-06-16
前臀尖（肥）,7.00,7.50,8.00,猪肉类,斤,2021-06-16
后臀尖（瘦）,8.00,8.50,9.00,猪肉类,斤,2021-06-16
后臀尖（肥）,7.00,7.50,8.00,猪肉类,斤,2021-06-16
五花肉（瘦）,10.00,10.50,11.00,猪肉类,斤,2021-06-16
五花肉（肥）,9.00,9.50,10.00,猪肉类,斤,2021-06-16
纯通脊,10.00,10.50,11.00,猪肉类,斤,2021-06-16
通脊,7.00,8.00,9.00,猪肉类,斤,2021-06-16
纯瘦肉,9.00,9.50,10.00,猪肉类,斤,2021-06-16
护心肉,17.00,17.00,17.00,猪肉类,斤,2021-06-16
前肘,10.00,10.50,11.00,猪肉类,斤,2021-06-16
后肘,7.00,7.50,8.00,猪肉类,斤,2021-06-16
猪尾巴,40.00,41.00,42.00,猪肉类,斤,2021-06-16
猪蹄,18.00,18.00,18.00,猪肉类,斤,2021-06-16
纯排骨,21.00,22.00,23.00,猪肉类,斤,2021-06-16
纯腔骨,8.00,9.00,10.00,猪肉类,斤,2021-06-16
腔排骨,14.00,14.50,15.00,猪肉类,斤,2021-06-16
棒骨,9.00,10.00,11.00,猪肉类,斤,2021-06-16
猪头,13.00,13.00,13.00,猪肉类,斤,2021-06-16
猪口条,19.00,19.00,19.00,猪肉类,斤,2021-06-16
猪耳,26.00,26.00,26.00,猪肉类,斤,2021-06-16
黑枣,5.00,5.50,6.00,其他类,斤,2021-06-15
山楂,6.00,7.00,8.00,其他类,斤,2021-06-15
姑娘果（灯笼果）,15.00,19.00,23.00,其他类,斤,2021-06-15
鸭梨,1.20,1.35,1.50,梨类,斤,2021-06-15
雪花梨,1.40,1.50,1.60,梨类,斤,2021-06-15
皇冠梨（标箱）,1.80,2.15,2.50,梨类,斤,2021-06-15
青皇冠,1.50,1.70,1.90,梨类,斤,2021-06-15
丰水梨,1.80,2.10,2.40,梨类,斤,2021-06-15
酥梨,1.50,1.65,1.80,梨类,斤,2021-06-15
库尔勒香梨,3.00,3.25,3.50,梨类,斤,2021-06-15
红啤梨,3.00,3.25,3.50,梨类,斤,2021-06-15
耙耙柑、丑橘,2.00,2.50,3.00,柑橘类,斤,2021-06-15
沃柑,3.50,4.00,4.50,柑橘类,斤,2021-06-15
夏橙,2.00,2.50,3.00,柑橘类,斤,2021-06-15
金桔,5.00,6.00,7.00,柑橘类,斤,2021-06-15
伦晚,1.80,2.40,3.00,柑橘类,斤,2021-06-15
油桃,2.50,4.25,6.00,桃李杏类,斤,2021-06-15
蟠桃,4.00,5.50,7.00,桃李杏类,斤,2021-06-15
水蜜桃,8.00,9.00,10.00,桃李杏类,斤,2021-06-15
春雪,2.80,5.40,8.00,桃李杏类,斤,2021-06-15
芥兰,1.80,2.00,2.20,水菜,斤,2021-06-15
菜心,2.50,2.75,3.00,水菜,斤,2021-06-15
空心菜,2.50,2.75,3.00,水菜,斤,2021-06-15
鸡毛菜,3.00,3.25,3.50,水菜,斤,2021-06-15
荠菜,13.00,14.00,15.00,水菜,斤,2021-06-15
荆芥,4.50,4.75,5.00,水菜,斤,2021-06-15
紫苏叶,3.00,3.50,4.00,水菜,斤,2021-06-15
豌豆苗,3.50,3.75,4.00,水菜,斤,2021-06-15
快菜,1.00,1.25,1.50,水菜,斤,2021-06-15
苦菊,1.50,1.75,2.00,水菜,斤,2021-06-15
穿心莲,1.50,1.75,2.00,水菜,斤,2021-06-15
木耳菜,2.00,2.50,3.00,水菜,斤,2021-06-15
箱装菠萝（上六下六）,1.40,1.60,1.80,其他类,斤,2021-06-15
百香果,10.00,11.00,12.00,其他类,斤,2021-06-15
桑葚,3.00,4.00,5.00,其他类,斤,2021-06-15
杨梅,10.00,12.00,14.00,其他类,斤,2021-06-15
蓝莓,13.00,27.00,41.00,其他类,斤,2021-06-15
火龙果,3.00,4.50,6.00,其他类,斤,2021-06-15
木瓜,3.00,3.25,3.50,其他类,斤,2021-06-15
柠檬,3.50,3.75,4.00,其他类,斤,2021-06-15
乌鸡蛋,7.80,8.15,8.50,蛋类,斤,2021-06-16
鸵鸟蛋,100.00,110.00,120.00,蛋类,个,2021-06-16
鸽子蛋,2.50,2.55,2.60,蛋类,个,2021-06-16
北豆腐（屉）,1.60,1.60,1.60,豆制品,斤,2021-06-16
南豆腐（屉）,1.80,1.80,1.80,豆制品,斤,2021-06-16
白玉北豆腐,4.00,4.00,4.00,豆制品,盒,2021-06-16
香香北豆腐,3.00,3.00,3.00,豆制品,盒,2021-06-16
白玉南豆腐,5.50,5.50,5.50,豆制品,盒,2021-06-16
豆腐丝,5.00,5.00,5.00,豆制品,斤,2021-06-16
精品豆腐丝,6.00,6.00,6.00,豆制品,袋,2021-06-16
豆腐皮,5.50,5.50,5.50,豆制品,斤,2021-06-16
豆腐干,4.50,4.50,4.50,豆制品,斤,2021-06-16
精品豆腐干,5.00,5.00,5.00,豆制品,袋,2021-06-16
豆腐泡,5.50,5.50,5.50,豆制品,斤,2021-06-16
精品豆腐泡,5.00,5.00,5.00,豆制品,袋,2021-06-16
白玉内酯豆腐,2.50,2.50,2.50,豆制品,盒,2021-06-16
香香内脂豆腐,1.50,1.50,1.50,豆制品,盒,2021-06-16
白条猪（瘦）,9.00,9.00,9.00,猪肉类,斤,2021-06-16
白条猪（肥）,7.25,7.25,7.25,猪肉类,斤,2021-06-16
前臀尖（瘦）,8.00,8.50,9.00,猪肉类,斤,2021-06-16
黄油桃,5.00,6.50,8.00,桃李杏类,斤,2021-06-15
黄毛桃,5.00,6.50,8.00,桃李杏类,斤,2021-06-15
突围,2.50,3.00,3.50,桃李杏类,斤,2021-06-15
猕猴桃（徐香翠香）,2.50,3.25,4.00,桃李杏类,斤,2021-06-15
猕猴桃（海沃德）,2.00,2.25,2.50,桃李杏类,斤,2021-06-15
胭脂杏,3.00,3.50,4.00,桃李杏类,斤,2021-06-15
李子,2.50,4.25,6.00,桃李杏类,斤,2021-06-15
金太阳,1.20,1.60,2.00,桃李杏类,斤,2021-06-15
凯特杏、白杏,2.00,2.50,3.00,桃李杏类,斤,2021-06-15
无籽小号-大号,1.80,1.90,2.00,西瓜类,斤,2021-06-15
麒麟、甜蜜蜜,1.80,2.10,2.40,西瓜类,斤,2021-06-15
特小风,2.00,2.25,2.50,西瓜类,斤,2021-06-15
L600吊秧瓜,1.80,2.15,2.50,西瓜类,斤,2021-06-15
甜王,0.90,1.05,1.20,西瓜类,斤,2021-06-15
蜜童,1.50,1.75,2.00,西瓜类,斤,2021-06-15
墨童西瓜,1.50,1.75,2.00,西瓜类,斤,2021-06-15
国产香蕉,2.20,2.50,2.80,香蕉类,斤,2021-06-15
南美、菲律宾香蕉,3.00,3.25,3.50,香蕉类,斤,2021-06-15
泰国香蕉（帝王蕉）,8.00,8.50,9.00,香蕉类,斤,2021-06-15
皇帝(小米）香蕉,3.00,3.40,3.80,香蕉类,斤,2021-06-15
晓蜜25号,1.80,2.00,2.20,甜瓜类,斤,2021-06-15
黄金瓜／金蜜,1.80,2.00,2.20,甜瓜类,斤,2021-06-15
玉菇,2.00,2.25,2.50,甜瓜类,斤,2021-06-15
网纹,3.00,3.50,4.00,甜瓜类,斤,2021-06-15
长香玉,1.40,1.50,1.60,甜瓜类,斤,2021-06-15
24白糖罐,1.50,1.75,2.00,甜瓜类,斤,2021-06-15
羊角蜜,2.00,2.50,3.00,甜瓜类,斤,2021-06-15
花蕾甜瓜,2.50,3.00,3.50,甜瓜类,斤,2021-06-15
久红瑞,1.80,1.90,2.00,甜瓜类,斤,2021-06-15
绿宝甜瓜,2.00,2.75,3.50,甜瓜类,斤,2021-06-15
博阳（系列）,1.80,2.40,3.00,甜瓜类,斤,2021-06-15
景甜,1.50,1.75,2.00,甜瓜类,斤,2021-06-15
富士（纸袋Φ70-84）,1.80,2.30,2.80,苹果类,斤,2021-06-15
富士（纸+膜袋）,1.50,1.75,2.00,苹果类,斤,2021-06-15
富士（纸袋Φ85以上）,2.50,3.00,3.50,苹果类,斤,2021-06-15
黄元帅,1.50,1.75,2.00,苹果类,斤,2021-06-15
花牛(Φ70-85),1.40,2.00,2.60,苹果类,斤,2021-06-15
新疆阿克苏（冰糖心）,3.00,3.50,4.00,苹果类,斤,2021-06-15
国光苹果,1.00,1.40,1.80,苹果类,斤,2021-06-15
辽宁寒富苹果,1.50,1.75,2.00,苹果类,斤,2021-06-15
嘎鱼,24.00,24.50,25.00,<100g,斤,2021-06-16
淡水鲈鱼,25.00,25.00,25.00,活,斤,2021-06-16
多宝鱼,26.00,27.00,28.00,活,斤,2021-06-16
清江鱼,12.00,12.00,12.00,活,斤,2021-06-16
白虾,40.00,41.00,42.00,活,斤,2021-06-16
小龙虾,17.00,17.50,18.00,活,斤,2021-06-16
香菇,3.00,4.00,5.00,普通,斤,2021-06-15
白玉菇,3.00,3.40,3.80,普通,斤,2021-06-15
口蘑,7.00,7.25,7.50,普通,斤,2021-06-15
杏鲍菇,2.00,2.75,3.50,普通,斤,2021-06-15
金针菇,1.50,1.75,2.00,普通,斤,2021-06-15
大白菜,0.40,0.45,0.50,储存新,斤,2021-06-15
娃娃菜,0.50,0.65,0.80,大小,斤,2021-06-15
小白菜,0.70,0.80,0.90,普通,斤,2021-06-15
芹菜,0.80,0.90,1.00,冀,斤,2021-06-15
西芹,1.50,1.65,1.80,普通,斤,2021-06-15
菠菜,1.50,1.65,1.80,冀蒙,斤,2021-06-15
莴笋,0.80,1.05,1.30,冀鲁,斤,2021-06-15
团生菜,0.80,0.90,1.00,毛|净,斤,2021-06-15
圆白菜,0.40,0.50,0.60,冀,斤,2021-06-15
牛板筋,34.00,34.50,35.00,牛肉类,斤,2021-06-16
牛尾,33.00,34.00,35.00,牛肉类,斤,2021-06-16
牛上脑,34.00,34.50,35.00,牛肉类,斤,2021-06-16
整羊,25.00,25.50,26.00,羊肉类,斤,2021-06-16
去骨羊前腿,37.00,37.50,38.00,羊肉类,斤,2021-06-16
去骨羊后腿,38.00,38.50,39.00,羊肉类,斤,2021-06-16
羊腰窝,37.00,37.00,37.00,羊肉类,斤,2021-06-16
羊肉片,37.00,38.00,39.00,羊肉类,斤,2021-06-16
羊腰子（挂油）,15.00,15.50,16.00,羊肉类,个,2021-06-16
羊蝎子,16.00,16.50,17.00,羊肉类,斤,2021-06-16
羊蝎子（精品）,28.00,28.50,29.00,羊肉类,斤,2021-06-16
羊排骨,28.00,28.50,29.00,羊肉类,斤,2021-06-16
羊尾巴油,9.00,9.00,9.00,羊肉类,斤,2021-06-16
羊小腿（羊棒）,24.00,24.00,24.00,羊肉类,斤,2021-06-16
羊上脑,39.00,39.00,39.00,羊肉类,斤,2021-06-16
羊骨头,10.00,10.00,10.00,羊肉类,斤,2021-06-16
羊腩,30.00,30.00,30.00,羊肉类,斤,2021-06-16
羊里脊,39.00,39.00,39.00,羊肉类,斤,2021-06-16
淘汰鸡（干净膛）,11.00,11.00,11.00,禽肉类,斤,2021-06-16
淘汰鸡（净膛）,10.00,10.00,10.00,禽肉类,斤,2021-06-16
鲤鱼,11.00,11.00,11.00,750g-1000g,斤,2021-06-14
鲤鱼,11.00,11.00,11.00,>1000g,斤,2021-06-14
草鱼,13.00,13.00,13.00,750g-1000g,斤,2021-06-14
草鱼,13.00,13.00,13.00,>1000g,斤,2021-06-14
鲫鱼,15.00,15.00,15.00,200g-250g,斤,2021-06-14
鲫鱼,16.00,16.00,16.00,350g-400g,斤,2021-06-14
胖头鱼,14.00,14.00,14.00,>2000g,斤,2021-06-14
武昌鱼,12.00,12.50,13.00,700g左右,斤,2021-06-14
鲢鱼,5.00,5.50,6.00,1000-1500g,斤,2021-06-14
桂鱼,65.00,67.00,69.00,中桂,斤,2021-06-14
嘎鱼,24.00,24.50,25.00,<100g,斤,2021-06-14
淡水鲈鱼,25.00,25.00,25.00,活,斤,2021-06-14
多宝鱼,26.00,27.00,28.00,活,斤,2021-06-14
白虾,40.00,41.00,42.00,活,斤,2021-06-14
小龙虾,16.00,17.00,18.00,活,斤,2021-06-14
苦菊,1.00,1.15,1.30,辽,斤,2021-06-13
油麦菜,0.80,1.00,1.20,京,斤,2021-06-13
散菜花,1.20,1.40,1.60,豫苏,斤,2021-06-13
绿菜花,1.20,1.60,2.00,京 冀,斤,2021-06-13
菜花,1.10,1.30,1.50,冀,斤,2021-06-13
紫甘蓝,0.60,0.65,0.70,冀,斤,2021-06-15
散叶生菜,1.00,1.25,1.50,京冀,斤,2021-06-15
油菜,0.80,1.00,1.20,京冀,斤,2021-06-15
香菜,2.00,2.50,3.00,冀,斤,2021-06-15
茴香,1.00,1.15,1.30,冀,斤,2021-06-15
韭菜,1.00,1.10,1.20,普通,斤,2021-06-15
韭菜苔,3.80,3.90,4.00,普通,斤,2021-06-15
苦菊,1.00,1.15,1.30,辽,斤,2021-06-15
油麦菜,1.50,1.75,2.00,京,斤,2021-06-15
散菜花,1.30,1.50,1.70,豫苏,斤,2021-06-15
绿菜花,1.20,1.60,2.00,京 冀,斤,2021-06-15
菜花,1.10,1.30,1.50,冀,斤,2021-06-15
绿豆芽,0.95,0.98,1.00,普通,斤,2021-06-15
黄豆芽,0.85,0.88,0.90,普通,斤,2021-06-15
紫菜苔,3.00,3.10,3.20,普通,斤,2021-06-15
番茄,1.00,1.25,1.50,川鲁蒙,斤,2021-06-15
番茄（精品）,1.40,1.60,1.80,鲁新,斤,2021-06-15
樱西,2.80,2.90,3.00,小红,斤,2021-06-15
黄瓜,0.60,0.80,1.00,蒙辽袋鲁,斤,2021-06-15
黄瓜(鲜干花),0.90,1.00,1.10,冀,斤,2021-06-15
白不老,1.60,1.70,1.80,滇|鲁,斤,2021-06-13
锅里变架豆,1.80,1.90,2.00,普通,斤,2021-06-13
油豆,2.20,2.85,3.50,鲁,斤,2021-06-13
毛豆,4.00,4.15,4.30,普通,斤,2021-06-13
豌豆,1.30,1.50,1.70,普通,斤,2021-06-13
蚕豆,1.20,1.30,1.40,普通,斤,2021-06-13
荷兰豆,5.00,5.60,6.20,冀云,斤,2021-06-13
玉米,1.70,1.85,2.00,川冀,斤,2021-06-13
花生,4.50,5.00,5.50,广东海南,斤,2021-06-13
苦瓜,2.00,2.50,3.00,冀鲁,斤,2021-06-13
丝瓜,1.50,1.75,2.00,豫鲁,斤,2021-06-13
丝瓜,2.00,2.25,2.50,短,斤,2021-06-13
瓠子,0.80,0.90,1.00,普通,斤,2021-06-13
西葫芦,0.50,0.70,0.90,滇鲁,斤,2021-06-13
佛手瓜,2.50,2.75,3.00,普通,斤,2021-06-13
金丝南瓜,0.50,0.55,0.60,鲁冀,斤,2021-06-13
南北瓜,0.80,0.85,0.90,桂,斤,2021-06-13
尖椒,1.00,1.25,1.50,冀晋鲁新,斤,2021-06-13
螺丝椒,1.30,1.65,2.00,普通,斤,2021-06-13
柿子椒,1.00,1.25,1.50,鲁新,斤,2021-06-13
后肘,7.00,7.50,8.00,猪肉类,斤,2021-06-15
猪尾巴,40.00,41.00,42.00,猪肉类,斤,2021-06-15
猪蹄,18.00,18.00,18.00,猪肉类,斤,2021-06-15
纯排骨,22.00,23.00,24.00,猪肉类,斤,2021-06-15
纯腔骨,8.00,9.00,10.00,猪肉类,斤,2021-06-15
腔排骨,14.00,15.00,16.00,猪肉类,斤,2021-06-15
棒骨,9.00,10.00,11.00,猪肉类,斤,2021-06-15
猪头,13.00,13.00,13.00,猪肉类,斤,2021-06-15
猪口条,19.00,19.00,19.00,猪肉类,斤,2021-06-15
猪耳,26.00,26.00,26.00,猪肉类,斤,2021-06-15
猪肚,18.00,18.00,18.00,猪肉类,斤,2021-06-15
猪板油,9.00,9.00,9.00,猪肉类,斤,2021-06-15
肥膘肉,6.00,6.50,7.00,猪肉类,斤,2021-06-15
猪腰子,18.00,18.00,18.00,猪肉类,斤,2021-06-15
猪心,9.00,9.00,9.00,猪肉类,斤,2021-06-15
猪肝,8.00,8.00,8.00,猪肉类,斤,2021-06-15
猪肺,4.00,4.25,4.50,猪肉类,个,2021-06-15
猪皮,3.00,4.00,5.00,猪肉类,斤,2021-06-15
猪肠头,22.00,22.00,22.00,猪肉类,斤,2021-06-15
猪肠,20.00,20.50,21.00,猪肉类,斤,2021-06-15
整牛,33.00,33.00,33.00,牛肉类,斤,2021-06-15
牛前腱,36.00,36.25,36.50,牛肉类,斤,2021-06-15
牛后腱,36.00,36.25,36.50,牛肉类,斤,2021-06-15
牛前腿,34.00,34.50,35.00,牛肉类,斤,2021-06-15
牛后腿,34.00,34.50,35.00,牛肉类,斤,2021-06-15
牛柳（里脊）,37.00,37.50,38.00,牛肉类,斤,2021-06-15
精牛柳,41.00,42.00,43.00,牛肉类,斤,2021-06-15
牛腩,34.00,34.50,35.00,牛肉类,斤,2021-06-15
牛林,34.00,34.50,35.00,牛肉类,斤,2021-06-15
牛骨,4.50,4.75,5.00,牛肉类,斤,2021-06-15
牛板筋,34.00,34.50,35.00,牛肉类,斤,2021-06-15
牛尾,33.00,34.00,35.00,牛肉类,斤,2021-06-15
牛上脑,34.00,34.50,35.00,牛肉类,斤,2021-06-15
整羊,25.00,25.50,26.00,羊肉类,斤,2021-06-15
去骨羊前腿,37.00,37.50,38.00,羊肉类,斤,2021-06-15
去骨羊后腿,38.00,38.50,39.00,羊肉类,斤,2021-06-15
羊腰窝,37.00,37.00,37.00,羊肉类,斤,2021-06-15
羊肉片,37.00,38.00,39.00,羊肉类,斤,2021-06-15
羊腰子（挂油）,15.00,15.50,16.00,羊肉类,个,2021-06-15
羊蝎子,16.00,16.50,17.00,羊肉类,斤,2021-06-15
桂味,8.00,9.00,10.00,荔枝类,斤,2021-06-15
越荔荔枝,7.00,8.00,9.00,荔枝类,斤,2021-06-15
红灯,8.00,10.50,13.00,樱桃类,斤,2021-06-15
水晶,10.00,14.00,18.00,樱桃类,斤,2021-06-15
美早,6.50,23.25,40.00,樱桃类,斤,2021-06-15
布鲁克斯,6.00,11.00,16.00,樱桃类,斤,2021-06-15
先锋樱桃,5.00,10.00,15.00,樱桃类,斤,2021-06-15
冰库,8.00,10.00,12.00,樱桃类,斤,2021-06-15
沙蜜托,7.00,10.50,14.00,樱桃类,斤,2021-06-15
鸡翅中,21.00,21.00,21.00,禽肉类,斤,2021-06-15
鸡边腿,7.00,7.00,7.00,禽肉类,斤,2021-06-15
鸡排腿,7.50,7.50,7.50,禽肉类,斤,2021-06-15
鸡琵琶腿,7.50,7.75,8.00,禽肉类,斤,2021-06-15
鸡胗,12.00,12.50,13.00,禽肉类,斤,2021-06-15
鸡爪,16.00,16.00,16.00,禽肉类,斤,2021-06-15
鸡心,8.00,8.25,8.50,禽肉类,斤,2021-06-15
鸡头,2.00,2.25,2.50,禽肉类,斤,2021-06-15
鸡架子,2.00,2.25,2.50,禽肉类,斤,2021-06-15
鸡翅根,8.00,8.00,8.00,禽肉类,斤,2021-06-15
白条乌鸡（净膛）,13.00,13.00,13.00,禽肉类,斤,2021-06-15
猪板油,9.00,9.00,9.00,猪肉类,斤,2021-06-13
肥膘肉,6.00,6.50,7.00,猪肉类,斤,2021-06-13
猪腰子,18.00,18.00,18.00,猪肉类,斤,2021-06-13
猪心,9.00,9.00,9.00,猪肉类,斤,2021-06-13
猪肝,8.00,8.00,8.00,猪肉类,斤,2021-06-13
猪肺,4.00,4.25,4.50,猪肉类,个,2021-06-13
猪皮,3.00,4.00,5.00,猪肉类,斤,2021-06-13
猪肠头,22.00,22.00,22.00,猪肉类,斤,2021-06-13
猪肠,20.00,20.50,21.00,猪肉类,斤,2021-06-13
整牛,33.00,33.00,33.00,牛肉类,斤,2021-06-13
牛前腱,36.00,36.25,36.50,牛肉类,斤,2021-06-13
牛后腱,36.00,36.25,36.50,牛肉类,斤,2021-06-13
牛前腿,34.00,34.50,35.00,牛肉类,斤,2021-06-13
牛后腿,34.00,34.50,35.00,牛肉类,斤,2021-06-13
牛柳（里脊）,37.00,37.50,38.00,牛肉类,斤,2021-06-13
精牛柳,41.00,42.00,43.00,牛肉类,斤,2021-06-13
牛腩,34.00,34.50,35.00,牛肉类,斤,2021-06-13
牛林,34.00,34.50,35.00,牛肉类,斤,2021-06-13
牛骨,4.50,4.75,5.00,牛肉类,斤,2021-06-13
牛板筋,34.00,34.50,35.00,牛肉类,斤,2021-06-13
牛尾,33.00,34.00,35.00,牛肉类,斤,2021-06-13
牛上脑,34.00,34.50,35.00,牛肉类,斤,2021-06-13
整羊,25.00,25.50,26.00,羊肉类,斤,2021-06-13
去骨羊前腿,37.00,37.50,38.00,羊肉类,斤,2021-06-13
去骨羊后腿,38.00,38.50,39.00,羊肉类,斤,2021-06-13
羊腰窝,37.00,37.00,37.00,羊肉类,斤,2021-06-13
羊肉片,37.00,38.00,39.00,羊肉类,斤,2021-06-13
羊腰子（挂油）,15.00,15.50,16.00,羊肉类,个,2021-06-13
羊蝎子,16.00,16.50,17.00,羊肉类,斤,2021-06-13
羊蝎子（精品）,28.00,28.50,29.00,羊肉类,斤,2021-06-13
羊排骨,28.00,28.50,29.00,羊肉类,斤,2021-06-13
羊尾巴油,9.00,9.00,9.00,羊肉类,斤,2021-06-13
羊小腿（羊棒）,24.00,24.00,24.00,羊肉类,斤,2021-06-13
羊上脑,39.00,39.00,39.00,羊肉类,斤,2021-06-13
羊骨头,10.00,10.00,10.00,羊肉类,斤,2021-06-13
羊腩,30.00,30.00,30.00,羊肉类,斤,2021-06-13
羊里脊,39.00,39.00,39.00,羊肉类,斤,2021-06-13
淘汰鸡（干净膛）,11.00,11.00,11.00,禽肉类,斤,2021-06-13
淘汰鸡（净膛）,10.00,10.00,10.00,禽肉类,斤,2021-06-13
仔鸡（净膛）,7.00,7.00,7.00,禽肉类,斤,2021-06-13
油菜,1.00,1.25,1.50,京冀,斤,2021-06-14
香菜,2.00,2.50,3.00,冀,斤,2021-06-14
茴香,1.00,1.25,1.50,冀,斤,2021-06-14
韭菜,1.00,1.25,1.50,普通,斤,2021-06-14
韭菜苔,3.50,3.75,4.00,普通,斤,2021-06-14
苦菊,1.00,1.15,1.30,辽,斤,2021-06-14
油麦菜,1.50,1.75,2.00,京,斤,2021-06-14
散菜花,1.20,1.40,1.60,豫苏,斤,2021-06-14
绿菜花,1.20,1.60,2.00,京 冀,斤,2021-06-14
菜花,1.10,1.30,1.50,冀,斤,2021-06-14
绿豆芽,0.95,0.98,1.00,普通,斤,2021-06-14
黄豆芽,0.85,0.88,0.90,普通,斤,2021-06-14
紫菜苔,3.00,3.10,3.20,普通,斤,2021-06-14
番茄,1.00,1.25,1.50,川鲁蒙,斤,2021-06-14
番茄（精品）,1.40,1.60,1.80,鲁新,斤,2021-06-14
樱西,2.80,2.90,3.00,小红,斤,2021-06-14
黄瓜,0.60,0.80,1.00,蒙辽袋鲁,斤,2021-06-14
黄瓜(鲜干花),0.80,0.90,1.00,冀,斤,2021-06-14
小黄瓜,1.60,2.10,2.60,旱荷兰,斤,2021-06-14
茄子,0.80,1.00,1.20,冀,斤,2021-06-14
丝瓜,1.50,1.75,2.00,豫鲁,斤,2021-06-14
丝瓜,2.00,2.25,2.50,短,斤,2021-06-14
瓠子,0.80,1.15,1.50,普通,斤,2021-06-14
西葫芦,0.50,0.70,0.90,滇鲁,斤,2021-06-14
佛手瓜,2.50,2.75,3.00,普通,斤,2021-06-14
金丝南瓜,0.50,0.55,0.60,鲁冀,斤,2021-06-14
南北瓜,0.80,0.85,0.90,桂,斤,2021-06-14
尖椒,1.00,1.25,1.50,冀晋鲁新,斤,2021-06-14
螺丝椒,1.30,1.65,2.00,普通,斤,2021-06-14
柿子椒,1.00,1.25,1.50,鲁新,斤,2021-06-14
线椒,1.50,1.75,2.00,鲁琼新,斤,2021-06-14
杭椒,1.80,1.90,2.00,普通,斤,2021-06-14
小米椒,4.00,4.50,5.00,滇,斤,2021-06-14
彩椒,3.50,4.00,4.50,红黄,斤,2021-06-14
白萝卜,0.30,0.35,0.40,冀,斤,2021-06-14
心里美,0.70,0.75,0.80,冀新,斤,2021-06-14
卞萝卜,0.40,0.45,0.50,冀,斤,2021-06-14
青萝卜,0.80,0.85,0.90,冀鲁新,斤,2021-06-14
胡萝卜,0.60,0.75,0.90,冀鲁新,斤,2021-06-14
胡萝卜（洗）,0.90,0.95,1.00,冀鲁,斤,2021-06-14
后臀尖（瘦）,8.00,8.50,9.00,猪肉类,斤,2021-06-14
后臀尖（肥）,7.00,7.50,8.00,猪肉类,斤,2021-06-14
五花肉（瘦）,11.00,11.50,12.00,猪肉类,斤,2021-06-14
五花肉（肥）,10.00,10.50,11.00,猪肉类,斤,2021-06-14
纯通脊,10.00,10.50,11.00,猪肉类,斤,2021-06-14
通脊,8.00,9.00,10.00,猪肉类,斤,2021-06-14
纯瘦肉,9.00,9.50,10.00,猪肉类,斤,2021-06-14
护心肉,17.00,17.00,17.00,猪肉类,斤,2021-06-14
前肘,10.00,10.50,11.00,猪肉类,斤,2021-06-14
后肘,8.00,8.50,9.00,猪肉类,斤,2021-06-14
猪尾巴,40.00,41.00,42.00,猪肉类,斤,2021-06-14
猪蹄,18.00,18.00,18.00,猪肉类,斤,2021-06-14
纯排骨,22.00,23.00,24.00,猪肉类,斤,2021-06-14
纯腔骨,8.00,9.00,10.00,猪肉类,斤,2021-06-14
腔排骨,15.00,16.00,17.00,猪肉类,斤,2021-06-14
棒骨,10.00,10.50,11.00,猪肉类,斤,2021-06-14
猪头,13.00,13.00,13.00,猪肉类,斤,2021-06-14
猪口条,19.00,19.00,19.00,猪肉类,斤,2021-06-14
猪耳,26.00,26.00,26.00,猪肉类,斤,2021-06-14
猪肚,18.00,18.00,18.00,猪肉类,斤,2021-06-14
百香果,10.00,11.00,12.00,其他类,斤,2021-06-12
桑葚,3.00,4.00,5.00,其他类,斤,2021-06-12
红颜九九草莓,7.00,8.00,9.00,其他类,斤,2021-06-12
杨梅,10.00,12.00,14.00,其他类,斤,2021-06-12
蓝莓,13.00,27.00,41.00,其他类,斤,2021-06-12
火龙果,3.00,4.50,6.00,其他类,斤,2021-06-12
木瓜,3.00,3.25,3.50,其他类,斤,2021-06-12
柠檬,3.50,3.75,4.00,其他类,斤,2021-06-12
黑枣,5.00,5.50,6.00,其他类,斤,2021-06-12
山楂,10.00,12.50,15.00,其他类,斤,2021-06-12
姑娘果（灯笼果）,10.00,14.00,18.00,其他类,斤,2021-06-12
鸭梨,1.20,1.35,1.50,梨类,斤,2021-06-12
雪花梨,1.40,1.50,1.60,梨类,斤,2021-06-12
皇冠梨（标箱）,2.00,2.25,2.50,梨类,斤,2021-06-12
青皇冠,1.50,1.70,1.90,梨类,斤,2021-06-12
丰水梨,1.80,2.10,2.40,梨类,斤,2021-06-12
酥梨,1.50,1.65,1.80,梨类,斤,2021-06-12
库尔勒香梨,3.00,3.50,4.00,梨类,斤,2021-06-12
红香酥梨系列,1.50,1.75,2.00,梨类,斤,2021-06-12
红啤梨,3.00,3.25,3.50,梨类,斤,2021-06-12
番茄（精品）,1.50,1.65,1.80,鲁新,斤,2021-06-12
樱西,2.80,2.90,3.00,小红,斤,2021-06-12
黄瓜,0.70,0.85,1.00,蒙辽袋鲁,斤,2021-06-12
黄瓜(鲜干花),0.90,1.00,1.10,冀,斤,2021-06-12
小黄瓜,1.60,2.10,2.60,旱荷兰,斤,2021-06-12
茄子,0.80,1.00,1.20,冀,斤,2021-06-12
长茄,0.80,1.10,1.40,辽,斤,2021-06-12
广茄,1.30,1.65,2.00,冀,斤,2021-06-12
线茄,2.00,2.50,3.00,冀,斤,2021-06-12
吊冬瓜,0.65,0.73,0.80,冀,斤,2021-06-12
地冬瓜,0.50,0.55,0.60,冀,斤,2021-06-12
小毛冬瓜,0.80,1.00,1.20,冀长,斤,2021-06-12
架豆,1.00,1.15,1.30,普通,斤,2021-06-12
豆王,1.80,2.65,3.50,普通,斤,2021-06-12
扁豆,2.00,3.00,4.00,冀鲁聊城,斤,2021-06-12
豇豆,1.90,2.45,3.00,鲁京,斤,2021-06-12
白不老,1.60,1.70,1.80,滇|鲁,斤,2021-06-12
锅里变架豆,1.80,1.90,2.00,普通,斤,2021-06-12
油豆,2.20,2.85,3.50,鲁,斤,2021-06-12
毛豆,4.00,4.15,4.30,普通,斤,2021-06-12
黑爪公鸡（净膛）,15.00,15.00,15.00,禽肉类,斤,2021-06-15
箱鸡蛋,186.00,189.50,193.00,蛋类,斤,2021-06-15
箱鸡蛋,4.23,4.31,4.39,蛋类,斤,2021-06-15
散鸡蛋,4.60,4.60,4.60,蛋类,斤,2021-06-15
生鸭蛋,5.80,6.15,6.50,蛋类,斤,2021-06-15
熟鸭蛋,6.50,7.00,7.50,蛋类,斤,2021-06-15
松花蛋,6.50,7.25,8.00,蛋类,斤,2021-06-15
鹅蛋,12.00,12.50,13.00,蛋类,斤,2021-06-15
鹌鹑蛋,5.00,5.75,6.50,蛋类,斤,2021-06-15
柴鸡蛋,4.60,7.30,10.00,蛋类,斤,2021-06-15
乌鸡蛋,7.80,8.15,8.50,蛋类,斤,2021-06-15
鸵鸟蛋,100.00,110.00,120.00,蛋类,个,2021-06-15
鸽子蛋,2.50,2.55,2.60,蛋类,个,2021-06-15
北豆腐（屉）,1.60,1.60,1.60,豆制品,斤,2021-06-15
南豆腐（屉）,1.80,1.80,1.80,豆制品,斤,2021-06-15
白玉北豆腐,4.00,4.00,4.00,豆制品,盒,2021-06-15
香香北豆腐,3.00,3.00,3.00,豆制品,盒,2021-06-15
白玉南豆腐,5.50,5.50,5.50,豆制品,盒,2021-06-15
豆腐丝,5.00,5.00,5.00,豆制品,斤,2021-06-15
精品豆腐丝,6.00,6.00,6.00,豆制品,袋,2021-06-15
豆腐皮,5.50,5.50,5.50,豆制品,斤,2021-06-15
豆腐干,4.50,4.50,4.50,豆制品,斤,2021-06-15
精品豆腐干,5.00,5.00,5.00,豆制品,袋,2021-06-15
豆腐泡,5.50,5.50,5.50,豆制品,斤,2021-06-15
精品豆腐泡,5.00,5.00,5.00,豆制品,袋,2021-06-15
白玉内酯豆腐,2.50,2.50,2.50,豆制品,盒,2021-06-15
香香内脂豆腐,1.50,1.50,1.50,豆制品,盒,2021-06-15
白条猪（瘦）,9.50,9.50,9.50,猪肉类,斤,2021-06-15
白条猪（肥）,7.00,7.00,7.00,猪肉类,斤,2021-06-15
前臀尖（瘦）,8.00,8.50,9.00,猪肉类,斤,2021-06-15
前臀尖（肥）,7.00,7.50,8.00,猪肉类,斤,2021-06-15
后臀尖（瘦）,8.00,8.50,9.00,猪肉类,斤,2021-06-15
后臀尖（肥）,7.00,7.50,8.00,猪肉类,斤,2021-06-15
五花肉（瘦）,10.00,10.50,11.00,猪肉类,斤,2021-06-15
五花肉（肥）,9.00,9.50,10.00,猪肉类,斤,2021-06-15
纯通脊,10.00,10.50,11.00,猪肉类,斤,2021-06-15
通脊,7.00,8.00,9.00,猪肉类,斤,2021-06-15
纯瘦肉,9.00,9.50,10.00,猪肉类,斤,2021-06-15
护心肉,17.00,17.00,17.00,猪肉类,斤,2021-06-15
前肘,10.00,10.50,11.00,猪肉类,斤,2021-06-15
羊蝎子（精品）,28.00,28.50,29.00,羊肉类,斤,2021-06-15
羊排骨,28.00,28.50,29.00,羊肉类,斤,2021-06-15
羊尾巴油,9.00,9.00,9.00,羊肉类,斤,2021-06-15
羊小腿（羊棒）,24.00,24.00,24.00,羊肉类,斤,2021-06-15
羊上脑,39.00,39.00,39.00,羊肉类,斤,2021-06-15
羊骨头,10.00,10.00,10.00,羊肉类,斤,2021-06-15
羊腩,30.00,30.00,30.00,羊肉类,斤,2021-06-15
羊里脊,39.00,39.00,39.00,羊肉类,斤,2021-06-15
淘汰鸡（干净膛）,11.00,11.00,11.00,禽肉类,斤,2021-06-15
淘汰鸡（净膛）,10.00,10.00,10.00,禽肉类,斤,2021-06-15
仔鸡（净膛）,7.00,7.00,7.00,禽肉类,斤,2021-06-15
肉鸡,6.50,6.50,6.50,禽肉类,斤,2021-06-15
鸡胸,7.00,7.25,7.50,禽肉类,斤,2021-06-15
鸡翅,10.00,10.50,11.00,禽肉类,斤,2021-06-15
鲤鱼,11.00,11.00,11.00,750g-1000g,斤,2021-06-15
鲤鱼,11.00,11.00,11.00,>1000g,斤,2021-06-15
草鱼,13.00,13.00,13.00,750g-1000g,斤,2021-06-15
草鱼,13.00,13.00,13.00,>1000g,斤,2021-06-15
鲫鱼,16.00,16.00,16.00,200g-250g,斤,2021-06-15
鲫鱼,17.00,17.00,17.00,350g-400g,斤,2021-06-15
土豆,0.70,0.80,0.90,冀,斤,2021-06-14
新土豆（黄心）,0.80,1.00,1.20,鲁,斤,2021-06-14
黄葱头,0.80,0.90,1.00,蒙甘,斤,2021-06-14
红葱头,1.00,1.10,1.20,老新,斤,2021-06-14
山药,2.00,2.35,2.70,脆麻新,斤,2021-06-14
铁棍山药,5.00,5.50,6.00,普通,斤,2021-06-14
莲藕,6.00,7.00,8.00,冀云,斤,2021-06-14
红薯,1.00,1.15,1.30,冀新,斤,2021-06-14
红薯,1.50,1.75,2.00,精品,斤,2021-06-14
茭白,2.50,2.65,2.80,京浙,斤,2021-06-14
凉薯,2.00,2.15,2.30,普通,斤,2021-06-14
荸荠,3.00,3.40,3.80,皖,斤,2021-06-14
芋头,2.00,2.25,2.50,鲁,斤,2021-06-14
苇叶,6.00,7.25,8.50,普通,斤,2021-06-14
姜,3.00,4.00,5.00,姜头整,斤,2021-06-14
大蒜,2.50,3.00,3.50,普通,斤,2021-06-14
新蒜,2.50,2.75,3.00,泥,斤,2021-06-14
蒜米,3.20,3.50,3.80,普通,斤,2021-06-14
大葱,0.70,0.90,1.10,冀鲁,斤,2021-06-14
小葱,1.00,1.10,1.20,普通,斤,2021-06-14
牛尾,33.00,34.00,35.00,牛肉类,斤,2021-06-14
牛上脑,34.00,34.50,35.00,牛肉类,斤,2021-06-14
整羊,25.00,25.50,26.00,羊肉类,斤,2021-06-14
去骨羊前腿,37.00,37.50,38.00,羊肉类,斤,2021-06-14
去骨羊后腿,38.00,38.50,39.00,羊肉类,斤,2021-06-14
羊腰窝,37.00,37.00,37.00,羊肉类,斤,2021-06-14
羊肉片,37.00,38.00,39.00,羊肉类,斤,2021-06-14
羊腰子（挂油）,15.00,15.50,16.00,羊肉类,个,2021-06-14
羊蝎子,16.00,16.50,17.00,羊肉类,斤,2021-06-14
羊蝎子（精品）,28.00,28.50,29.00,羊肉类,斤,2021-06-14
羊排骨,28.00,28.50,29.00,羊肉类,斤,2021-06-14
羊尾巴油,9.00,9.00,9.00,羊肉类,斤,2021-06-14
羊小腿（羊棒）,24.00,24.00,24.00,羊肉类,斤,2021-06-14
羊上脑,39.00,39.00,39.00,羊肉类,斤,2021-06-14
羊骨头,10.00,10.00,10.00,羊肉类,斤,2021-06-14
羊腩,30.00,30.00,30.00,羊肉类,斤,2021-06-14
羊里脊,39.00,39.00,39.00,羊肉类,斤,2021-06-14
淘汰鸡（干净膛）,11.00,11.00,11.00,禽肉类,斤,2021-06-14
淘汰鸡（净膛）,10.00,10.00,10.00,禽肉类,斤,2021-06-14
仔鸡（净膛）,7.00,7.00,7.00,禽肉类,斤,2021-06-14
猪板油,9.00,9.00,9.00,猪肉类,斤,2021-06-14
肥膘肉,6.00,6.50,7.00,猪肉类,斤,2021-06-14
猪腰子,18.00,18.00,18.00,猪肉类,斤,2021-06-14
猪心,9.00,9.00,9.00,猪肉类,斤,2021-06-14
猪肝,8.00,8.00,8.00,猪肉类,斤,2021-06-14
猪肺,4.00,4.25,4.50,猪肉类,个,2021-06-14
猪皮,3.00,4.00,5.00,猪肉类,斤,2021-06-14
猪肠头,22.00,22.00,22.00,猪肉类,斤,2021-06-14
猪肠,20.00,20.50,21.00,猪肉类,斤,2021-06-14
整牛,33.00,33.00,33.00,牛肉类,斤,2021-06-14
牛前腱,36.00,36.25,36.50,牛肉类,斤,2021-06-14
牛后腱,36.00,36.25,36.50,牛肉类,斤,2021-06-14
牛前腿,34.00,34.50,35.00,牛肉类,斤,2021-06-14
牛后腿,34.00,34.50,35.00,牛肉类,斤,2021-06-14
牛柳（里脊）,37.00,37.50,38.00,牛肉类,斤,2021-06-14
精牛柳,41.00,42.00,43.00,牛肉类,斤,2021-06-14
牛腩,34.00,34.50,35.00,牛肉类,斤,2021-06-14
牛林,34.00,34.50,35.00,牛肉类,斤,2021-06-14
牛骨,4.50,4.75,5.00,牛肉类,斤,2021-06-14
牛板筋,34.00,34.50,35.00,牛肉类,斤,2021-06-14
羊角蜜,1.70,2.35,3.00,甜瓜类,斤,2021-06-14
花蕾甜瓜,2.50,3.00,3.50,甜瓜类,斤,2021-06-14
久红瑞,1.80,1.90,2.00,甜瓜类,斤,2021-06-14
绿宝甜瓜,2.00,2.75,3.50,甜瓜类,斤,2021-06-14
博阳（系列）,1.80,2.40,3.00,甜瓜类,斤,2021-06-14
景甜,1.50,1.75,2.00,甜瓜类,斤,2021-06-14
富士（纸袋Φ70-84）,1.80,2.30,2.80,苹果类,斤,2021-06-14
富士（纸+膜袋）,1.50,1.75,2.00,苹果类,斤,2021-06-14
富士（纸袋Φ85以上）,2.50,3.00,3.50,苹果类,斤,2021-06-14
黄元帅,1.50,1.75,2.00,苹果类,斤,2021-06-14
花牛(Φ70-85),1.40,2.00,2.60,苹果类,斤,2021-06-14
新疆阿克苏（冰糖心）,3.00,3.50,4.00,苹果类,斤,2021-06-14
国光苹果,1.00,1.40,1.80,苹果类,斤,2021-06-14
辽宁寒富苹果,1.50,1.75,2.00,苹果类,斤,2021-06-14
巨峰葡萄,5.00,5.50,6.00,葡萄类,斤,2021-06-14
红提葡萄,8.00,9.00,10.00,葡萄类,斤,2021-06-14
玫瑰香葡萄,5.00,6.00,7.00,葡萄类,斤,2021-06-14
黑提葡萄、夏黑,6.00,7.50,9.00,葡萄类,斤,2021-06-14
茉莉香葡萄,8.00,9.00,10.00,葡萄类,斤,2021-06-14
乒乓球葡萄,6.00,8.00,10.00,葡萄类,斤,2021-06-14
金太阳,1.20,1.60,2.00,桃李杏类,斤,2021-06-14
凯特杏、白杏,2.00,2.50,3.00,桃李杏类,斤,2021-06-14
无籽小号-大号,1.80,1.90,2.00,西瓜类,斤,2021-06-14
麒麟、甜蜜蜜,1.80,2.10,2.40,西瓜类,斤,2021-06-14
特小风,2.00,2.25,2.50,西瓜类,斤,2021-06-14
L600吊秧瓜,1.80,2.15,2.50,西瓜类,斤,2021-06-14
甜王,0.90,1.05,1.20,西瓜类,斤,2021-06-14
蜜童,1.50,1.75,2.00,西瓜类,斤,2021-06-14
墨童西瓜,1.50,1.75,2.00,西瓜类,斤,2021-06-14
国产香蕉,2.20,2.50,2.80,香蕉类,斤,2021-06-14
南美、菲律宾香蕉,3.00,3.25,3.50,香蕉类,斤,2021-06-14
泰国香蕉（帝王蕉）,8.00,8.50,9.00,香蕉类,斤,2021-06-14
皇帝(小米）香蕉,3.00,3.40,3.80,香蕉类,斤,2021-06-14
晓蜜25号,1.80,2.00,2.20,甜瓜类,斤,2021-06-14
黄金瓜／金蜜,1.80,2.00,2.20,甜瓜类,斤,2021-06-14
玉菇,2.00,2.25,2.50,甜瓜类,斤,2021-06-14
白条猪（瘦）,9.25,9.25,9.25,猪肉类,斤,2021-06-14
白条猪（肥）,7.25,7.25,7.25,猪肉类,斤,2021-06-14
前臀尖（瘦）,8.00,8.50,9.00,猪肉类,斤,2021-06-14
前臀尖（肥）,7.00,7.50,8.00,猪肉类,斤,2021-06-14
富士（纸袋Φ85以上）,2.50,3.00,3.50,苹果类,斤,2021-06-13
黄元帅,1.50,1.75,2.00,苹果类,斤,2021-06-13
花牛(Φ70-85),1.40,2.00,2.60,苹果类,斤,2021-06-13
新疆阿克苏（冰糖心）,3.00,3.50,4.00,苹果类,斤,2021-06-13
国光苹果,1.00,1.40,1.80,苹果类,斤,2021-06-13
辽宁寒富苹果,1.50,1.75,2.00,苹果类,斤,2021-06-13
巨峰葡萄,5.00,5.50,6.00,葡萄类,斤,2021-06-13
红提葡萄,8.00,9.00,10.00,葡萄类,斤,2021-06-13
玫瑰香葡萄,5.00,6.00,7.00,葡萄类,斤,2021-06-13
克伦生,6.00,8.00,10.00,葡萄类,斤,2021-06-13
黑提葡萄、夏黑,6.00,8.00,10.00,葡萄类,斤,2021-06-13
茉莉香葡萄,9.00,10.00,11.00,葡萄类,斤,2021-06-13
乒乓球葡萄,6.00,8.00,10.00,葡萄类,斤,2021-06-13
维多利亚葡萄,4.00,5.00,6.00,葡萄类,斤,2021-06-13
郁金香,9.00,10.00,11.00,葡萄类,斤,2021-06-13
紫甜,8.00,8.50,9.00,葡萄类,斤,2021-06-13
台农小芒果,2.50,3.25,4.00,芒果类,斤,2021-06-13
台农大芒果,2.50,3.75,5.00,芒果类,斤,2021-06-13
红金龙,4.00,5.00,6.00,芒果类,斤,2021-06-13
高乐密,2.50,3.75,5.00,芒果类,斤,2021-06-13
胖头鱼,14.00,14.00,14.00,>2000g,斤,2021-06-15
武昌鱼,12.00,12.50,13.00,700g左右,斤,2021-06-15
鲢鱼,5.00,5.50,6.00,1000-1500g,斤,2021-06-15
桂鱼,65.00,67.00,69.00,中桂,斤,2021-06-15
嘎鱼,24.00,24.50,25.00,<100g,斤,2021-06-15
淡水鲈鱼,25.00,25.00,25.00,活,斤,2021-06-15
多宝鱼,26.00,27.00,28.00,活,斤,2021-06-15
白虾,40.00,41.00,42.00,活,斤,2021-06-15
小龙虾,17.00,17.50,18.00,活,斤,2021-06-15
大白菜,0.40,0.50,0.60,储存新,斤,2021-06-14
娃娃菜,0.50,0.65,0.80,大小,斤,2021-06-14
小白菜,0.60,0.70,0.80,普通,斤,2021-06-14
芹菜,0.60,0.75,0.90,冀,斤,2021-06-14
西芹,1.50,1.65,1.80,普通,斤,2021-06-14
菠菜,1.50,1.75,2.00,冀蒙,斤,2021-06-14
莴笋,0.80,1.05,1.30,冀鲁,斤,2021-06-14
团生菜,0.80,0.90,1.00,毛|净,斤,2021-06-14
圆白菜,0.40,0.50,0.60,冀,斤,2021-06-14
紫甘蓝,0.60,0.65,0.70,冀,斤,2021-06-14
散叶生菜,0.80,1.10,1.40,京冀,斤,2021-06-14
绿豆芽,0.95,0.98,1.00,普通,斤,2021-06-13
黄豆芽,0.85,0.88,0.90,普通,斤,2021-06-13
紫菜苔,3.00,3.10,3.20,普通,斤,2021-06-13
番茄,1.00,1.30,1.60,川鲁蒙,斤,2021-06-13
番茄（精品）,1.50,1.65,1.80,鲁新,斤,2021-06-13
樱西,2.80,2.90,3.00,小红,斤,2021-06-13
黄瓜,0.70,0.85,1.00,蒙辽袋鲁,斤,2021-06-13
黄瓜(鲜干花),0.90,1.10,1.30,冀,斤,2021-06-13
小黄瓜,1.60,2.10,2.60,旱荷兰,斤,2021-06-13
茄子,0.80,1.00,1.20,冀,斤,2021-06-13
长茄,0.80,1.10,1.40,辽,斤,2021-06-13
广茄,1.30,1.65,2.00,冀,斤,2021-06-13
线茄,2.00,2.50,3.00,冀,斤,2021-06-13
吊冬瓜,0.65,0.73,0.80,冀,斤,2021-06-13
地冬瓜,0.50,0.55,0.60,冀,斤,2021-06-13
小毛冬瓜,0.80,1.00,1.20,冀长,斤,2021-06-13
架豆,1.00,1.15,1.30,普通,斤,2021-06-13
豆王,1.80,2.40,3.00,普通,斤,2021-06-13
扁豆,2.00,3.00,4.00,冀鲁聊城,斤,2021-06-13
豇豆,1.80,2.20,2.60,鲁京,斤,2021-06-13
仔鸡（净膛）,7.00,7.00,7.00,禽肉类,斤,2021-06-16
肉鸡,6.50,6.50,6.50,禽肉类,斤,2021-06-16
鸡胸,7.00,7.25,7.50,禽肉类,斤,2021-06-16
鸡翅,10.00,10.50,11.00,禽肉类,斤,2021-06-16
鸡翅中,21.00,21.00,21.00,禽肉类,斤,2021-06-16
鸡边腿,7.00,7.00,7.00,禽肉类,斤,2021-06-16
鲤鱼,9.00,9.00,9.00,750g-1000g,斤,2021-06-16
鲤鱼,9.00,9.00,9.00,>1000g,斤,2021-06-16
草鱼,11.50,11.50,11.50,750g-1000g,斤,2021-06-16
草鱼,11.50,11.50,11.50,>1000g,斤,2021-06-16
鲫鱼,12.00,12.00,12.00,200g-250g,斤,2021-06-16
鲫鱼,17.00,17.00,17.00,350g-400g,斤,2021-06-16
胖头鱼,12.00,12.00,12.00,>2000g,斤,2021-06-16
武昌鱼,12.00,12.00,12.00,700g左右,斤,2021-06-16
鲢鱼,5.50,5.50,5.50,>1500g,斤,2021-06-16
鲢鱼,4.00,4.00,4.00,1000-1500g,斤,2021-06-16
鲶鱼,4.00,4.00,4.00,养殖,斤,2021-06-16
罗非鱼,11.00,11.50,12.00,活,斤,2021-06-16
黑鱼,11.00,11.50,12.00,活,斤,2021-06-16
桂鱼,65.00,67.00,69.00,中桂,斤,2021-06-16
肉鸡,6.50,6.50,6.50,禽肉类,斤,2021-06-13
鸡胸,7.00,7.25,7.50,禽肉类,斤,2021-06-13
鸡翅,10.00,10.50,11.00,禽肉类,斤,2021-06-13
鸡翅中,21.00,21.00,21.00,禽肉类,斤,2021-06-13
鸡边腿,7.00,7.00,7.00,禽肉类,斤,2021-06-13
鸡排腿,7.50,7.50,7.50,禽肉类,斤,2021-06-13
鸡琵琶腿,7.50,7.75,8.00,禽肉类,斤,2021-06-13
鸡爪,16.00,16.00,16.00,禽肉类,斤,2021-06-13
鸡头,2.00,2.25,2.50,禽肉类,斤,2021-06-13
鸡架子,2.00,2.25,2.50,禽肉类,斤,2021-06-13
鸡翅根,8.00,8.00,8.00,禽肉类,斤,2021-06-13
白条乌鸡（净膛）,13.00,13.00,13.00,禽肉类,斤,2021-06-13
箱鸡蛋,190.00,192.50,195.00,蛋类,斤,2021-06-13
箱鸡蛋,4.32,4.38,4.43,蛋类,斤,2021-06-13
散鸡蛋,4.60,4.60,4.60,蛋类,斤,2021-06-13
生鸭蛋,5.50,6.00,6.50,蛋类,斤,2021-06-13
熟鸭蛋,5.80,6.65,7.50,蛋类,斤,2021-06-13
松花蛋,6.00,7.00,8.00,蛋类,斤,2021-06-13
鹅蛋,12.00,12.50,13.00,蛋类,斤,2021-06-13
鹌鹑蛋,5.20,5.85,6.50,蛋类,斤,2021-06-13
巨峰葡萄,5.00,5.50,6.00,葡萄类,斤,2021-06-15
红提葡萄,8.00,9.00,10.00,葡萄类,斤,2021-06-15
阳光玫瑰葡萄,20.00,30.00,40.00,葡萄类,斤,2021-06-15
玫瑰香葡萄,5.00,6.00,7.00,葡萄类,斤,2021-06-15
黑提葡萄、夏黑,6.00,7.50,9.00,葡萄类,斤,2021-06-15
茉莉香葡萄,8.00,9.00,10.00,葡萄类,斤,2021-06-15
乒乓球葡萄,6.00,8.00,10.00,葡萄类,斤,2021-06-15
维多利亚葡萄,3.00,4.50,6.00,葡萄类,斤,2021-06-15
郁金香,9.00,10.00,11.00,葡萄类,斤,2021-06-15
紫甜,8.00,8.50,9.00,葡萄类,斤,2021-06-15
台农小芒果,2.50,3.00,3.50,芒果类,斤,2021-06-15
台农大芒果,2.50,3.75,5.00,芒果类,斤,2021-06-15
红金龙,4.00,5.00,6.00,芒果类,斤,2021-06-15
高乐密,2.50,3.75,5.00,芒果类,斤,2021-06-15
青皮芒果,3.00,3.50,4.00,芒果类,斤,2021-06-15
水仙芒果,3.50,4.50,5.50,芒果类,斤,2021-06-15
肯特新世纪澳芒,3.00,4.50,6.00,芒果类,斤,2021-06-15
妃子笑,4.00,5.00,6.00,荔枝类,斤,2021-06-15
鸡嘴荔枝,7.00,8.00,9.00,荔枝类,斤,2021-06-15
玉荷包荔枝,4.00,4.25,4.50,荔枝类,斤,2021-06-15
柴鸡蛋,4.60,7.30,10.00,蛋类,斤,2021-06-13
乌鸡蛋,7.80,8.15,8.50,蛋类,斤,2021-06-13
鸵鸟蛋,100.00,110.00,120.00,蛋类,个,2021-06-13
鸽子蛋,2.50,2.55,2.60,蛋类,个,2021-06-13
北豆腐（屉）,1.60,1.60,1.60,豆制品,斤,2021-06-13
南豆腐（屉）,1.80,1.80,1.80,豆制品,斤,2021-06-13
白玉北豆腐,4.00,4.00,4.00,豆制品,盒,2021-06-13
香香北豆腐,3.00,3.00,3.00,豆制品,盒,2021-06-13
白玉南豆腐,5.50,5.50,5.50,豆制品,盒,2021-06-13
豆腐丝,5.00,5.00,5.00,豆制品,斤,2021-06-13
精品豆腐丝,6.00,6.00,6.00,豆制品,袋,2021-06-13
豆腐皮,5.50,5.50,5.50,豆制品,斤,2021-06-13
豆腐干,4.50,4.50,4.50,豆制品,斤,2021-06-13
精品豆腐干,5.00,5.00,5.00,豆制品,袋,2021-06-13
豆腐泡,5.50,5.50,5.50,豆制品,斤,2021-06-13
精品豆腐泡,5.00,5.00,5.00,豆制品,袋,2021-06-13
白玉内酯豆腐,2.50,2.50,2.50,豆制品,盒,2021-06-13
香香内脂豆腐,1.50,1.50,1.50,豆制品,盒,2021-06-13
小米椒,4.00,4.50,5.00,滇,斤,2021-06-12
彩椒,3.50,4.00,4.50,红黄,斤,2021-06-12
姜,3.00,4.00,5.00,姜头整,斤,2021-06-12
大蒜,2.50,3.00,3.50,普通,斤,2021-06-12
新蒜,2.60,2.80,3.00,普通,斤,2021-06-12
蒜米,3.20,3.50,3.80,普通,斤,2021-06-12
大葱,0.80,1.00,1.20,冀鲁,斤,2021-06-12
小葱,1.00,1.10,1.20,普通,斤,2021-06-12
蒜苗,2.00,3.25,4.50,苏鲁,斤,2021-06-12
蒜黄,5.00,5.50,6.00,冀,斤,2021-06-12
青蒜,2.20,2.50,2.80,冀,斤,2021-06-12
平菇,3.00,3.25,3.50,小叶,斤,2021-06-12
香菇,3.00,4.00,5.00,普通,斤,2021-06-12
白玉菇,3.00,3.40,3.80,普通,斤,2021-06-12
口蘑,6.00,6.30,6.60,普通,斤,2021-06-12
杏鲍菇,2.00,2.50,3.00,普通,斤,2021-06-12
金针菇,1.20,1.60,2.00,普通,斤,2021-06-12
大白菜,0.40,0.50,0.60,储存新,斤,2021-06-12
娃娃菜,0.60,0.75,0.90,大小,斤,2021-06-12
小白菜,0.50,0.60,0.70,普通,斤,2021-06-12
芹菜,0.60,0.70,0.80,冀,斤,2021-06-12
西芹,1.50,1.65,1.80,普通,斤,2021-06-12
菠菜,0.60,0.80,1.00,冀蒙,斤,2021-06-12
莴笋,0.80,1.05,1.30,冀鲁,斤,2021-06-12
团生菜,0.80,0.90,1.00,毛|净,斤,2021-06-12
圆白菜,0.35,0.45,0.55,冀,斤,2021-06-12
紫甘蓝,0.65,0.70,0.75,冀,斤,2021-06-12
散叶生菜,0.80,1.00,1.20,京冀,斤,2021-06-12
油菜,1.00,1.10,1.20,京冀,斤,2021-06-12
香菜,1.80,1.90,2.00,冀,斤,2021-06-12
茴香,0.80,1.00,1.20,冀,斤,2021-06-12
韭菜,0.80,0.90,1.00,普通,斤,2021-06-12
韭菜苔,3.50,3.75,4.00,普通,斤,2021-06-12
苦菊,1.00,1.15,1.30,辽,斤,2021-06-12
油麦菜,0.90,1.00,1.10,京,斤,2021-06-12
散菜花,1.00,1.25,1.50,豫苏,斤,2021-06-12
绿菜花,1.20,1.60,2.00,京 冀,斤,2021-06-12
菜花,1.10,1.30,1.50,冀,斤,2021-06-12
绿豆芽,0.95,0.98,1.00,普通,斤,2021-06-12
黄豆芽,0.85,0.88,0.90,普通,斤,2021-06-12
紫菜苔,3.00,3.10,3.20,普通,斤,2021-06-12
番茄,1.00,1.30,1.60,川鲁蒙,斤,2021-06-12
蒜苗,2.00,3.25,4.50,苏鲁,斤,2021-06-14
蒜黄,5.00,5.50,6.00,冀,斤,2021-06-14
青蒜,2.20,2.40,2.60,冀,斤,2021-06-14
平菇,2.00,2.75,3.50,小叶,斤,2021-06-14
香菇,3.00,4.00,5.00,普通,斤,2021-06-14
白玉菇,3.00,3.40,3.80,普通,斤,2021-06-14
口蘑,7.00,7.25,7.50,普通,斤,2021-06-14
杏鲍菇,2.00,2.75,3.50,普通,斤,2021-06-14
金针菇,1.50,1.75,2.00,普通,斤,2021-06-14
油菜,1.00,1.25,1.50,水菜,斤,2021-06-14
小白菜,1.50,1.75,2.00,水菜,斤,2021-06-14
油麦菜,1.50,1.65,1.80,水菜,斤,2021-06-14
奶白菜,2.00,2.25,2.50,水菜,斤,2021-06-14
散生菜,1.00,1.25,1.50,水菜,斤,2021-06-14
香葱,1.50,2.00,2.50,水菜,斤,2021-06-14
茼蒿,4.50,4.75,5.00,水菜,斤,2021-06-14
蒿子秆,2.50,2.75,3.00,水菜,斤,2021-06-14
水萝卜,2.00,2.50,3.00,水菜,斤,2021-06-14
樱桃萝卜,2.00,2.50,3.00,水菜,斤,2021-06-14
香芹,1.50,1.75,2.00,水菜,斤,2021-06-14
蜜童,1.50,1.75,2.00,西瓜类,斤,2021-06-13
墨童西瓜,1.50,1.75,2.00,西瓜类,斤,2021-06-13
国产香蕉,2.20,2.50,2.80,香蕉类,斤,2021-06-13
南美、菲律宾香蕉,3.00,3.25,3.50,香蕉类,斤,2021-06-13
泰国香蕉（帝王蕉）,8.00,8.50,9.00,香蕉类,斤,2021-06-13
皇帝(小米）香蕉,3.00,3.40,3.80,香蕉类,斤,2021-06-13
晓蜜25号,1.80,2.00,2.20,甜瓜类,斤,2021-06-13
黄金瓜／金蜜,1.80,2.00,2.20,甜瓜类,斤,2021-06-13
玉菇,2.00,2.25,2.50,甜瓜类,斤,2021-06-13
网纹,3.00,3.25,3.50,甜瓜类,斤,2021-06-13
长香玉,1.40,1.50,1.60,甜瓜类,斤,2021-06-13
24白糖罐,1.50,1.75,2.00,甜瓜类,斤,2021-06-13
羊角蜜,1.70,2.50,3.30,甜瓜类,斤,2021-06-13
花蕾甜瓜,2.50,3.00,3.50,甜瓜类,斤,2021-06-13
久红瑞,1.80,1.90,2.00,甜瓜类,斤,2021-06-13
绿宝甜瓜,2.00,2.75,3.50,甜瓜类,斤,2021-06-13
博阳（系列）,1.80,2.40,3.00,甜瓜类,斤,2021-06-13
景甜,1.50,1.75,2.00,甜瓜类,斤,2021-06-13
富士（纸袋Φ70-84）,1.80,2.30,2.80,苹果类,斤,2021-06-13
富士（纸+膜袋）,1.50,1.75,2.00,苹果类,斤,2021-06-13
蓝莓,13.00,27.00,41.00,其他类,斤,2021-06-13
火龙果,3.00,4.50,6.00,其他类,斤,2021-06-13
木瓜,3.00,3.25,3.50,其他类,斤,2021-06-13
柠檬,3.50,3.75,4.00,其他类,斤,2021-06-13
黑枣,5.00,5.50,6.00,其他类,斤,2021-06-13
山楂,6.00,7.00,8.00,其他类,斤,2021-06-13
姑娘果（灯笼果）,15.00,19.00,23.00,其他类,斤,2021-06-13
鸭梨,1.20,1.35,1.50,梨类,斤,2021-06-13
雪花梨,1.40,1.50,1.60,梨类,斤,2021-06-13
皇冠梨（标箱）,2.00,2.25,2.50,梨类,斤,2021-06-13
青皇冠,1.50,1.70,1.90,梨类,斤,2021-06-13
丰水梨,1.80,2.10,2.40,梨类,斤,2021-06-13
酥梨,1.50,1.65,1.80,梨类,斤,2021-06-13
库尔勒香梨,3.00,3.25,3.50,梨类,斤,2021-06-13
红香酥梨系列,1.50,1.75,2.00,梨类,斤,2021-06-13
红啤梨,3.00,3.25,3.50,梨类,斤,2021-06-13
耙耙柑、丑橘,2.00,2.50,3.00,柑橘类,斤,2021-06-13
沃柑,3.50,4.00,4.50,柑橘类,斤,2021-06-13
夏橙,2.00,2.50,3.00,柑橘类,斤,2021-06-13
金桔,5.00,6.00,7.00,柑橘类,斤,2021-06-13
后臀尖（瘦）,8.50,9.00,9.50,猪肉类,斤,2021-06-13
后臀尖（肥）,7.50,8.00,8.50,猪肉类,斤,2021-06-13
五花肉（瘦）,11.00,11.50,12.00,猪肉类,斤,2021-06-13
五花肉（肥）,10.00,10.50,11.00,猪肉类,斤,2021-06-13
纯通脊,10.00,10.50,11.00,猪肉类,斤,2021-06-13
通脊,8.00,9.00,10.00,猪肉类,斤,2021-06-13
纯瘦肉,9.00,9.50,10.00,猪肉类,斤,2021-06-13
护心肉,17.00,17.00,17.00,猪肉类,斤,2021-06-13
前肘,10.00,10.50,11.00,猪肉类,斤,2021-06-13
后肘,8.00,8.50,9.00,猪肉类,斤,2021-06-13
猪尾巴,40.00,41.00,42.00,猪肉类,斤,2021-06-13
猪蹄,18.00,18.00,18.00,猪肉类,斤,2021-06-13
纯排骨,22.00,23.00,24.00,猪肉类,斤,2021-06-13
纯腔骨,8.00,9.00,10.00,猪肉类,斤,2021-06-13
腔排骨,15.00,16.00,17.00,猪肉类,斤,2021-06-13
棒骨,10.00,10.50,11.00,猪肉类,斤,2021-06-13
猪头,13.00,13.00,13.00,猪肉类,斤,2021-06-13
猪口条,19.00,19.00,19.00,猪肉类,斤,2021-06-13
猪耳,26.00,26.00,26.00,猪肉类,斤,2021-06-13
猪肚,18.00,18.00,18.00,猪肉类,斤,2021-06-13
白玉菇,3.00,3.40,3.80,普通,斤,2021-06-11
口蘑,6.00,6.30,6.60,普通,斤,2021-06-11
杏鲍菇,2.00,2.50,3.00,普通,斤,2021-06-11
金针菇,1.20,1.60,2.00,普通,斤,2021-06-11
油菜,1.00,1.25,1.50,水菜,斤,2021-06-11
小白菜,1.00,1.25,1.50,水菜,斤,2021-06-11
油麦菜,0.80,1.00,1.20,水菜,斤,2021-06-11
奶白菜,2.00,2.50,3.00,水菜,斤,2021-06-11
散生菜,0.80,1.00,1.20,水菜,斤,2021-06-11
香葱,1.80,2.15,2.50,水菜,斤,2021-06-11
茼蒿,5.00,6.00,7.00,水菜,斤,2021-06-11
蒿子秆,2.00,2.50,3.00,水菜,斤,2021-06-11
水萝卜,2.00,2.25,2.50,水菜,斤,2021-06-11
樱桃萝卜,2.00,2.25,2.50,水菜,斤,2021-06-11
香芹,1.50,1.75,2.00,水菜,斤,2021-06-11
菠菜,2.50,2.75,3.00,水菜,斤,2021-06-11
苋菜,3.00,3.25,3.50,水菜,斤,2021-06-11
菊花菜,1.00,1.25,1.50,水菜,斤,2021-06-11
青蒜,2.00,2.50,3.00,水菜,斤,2021-06-11
盖菜,1.50,1.75,2.00,水菜,斤,2021-06-11
凯特杏、白杏,2.00,2.50,3.00,桃李杏类,斤,2021-06-12
无籽小号-大号,1.80,1.90,2.00,西瓜类,斤,2021-06-12
麒麟、甜蜜蜜,1.80,2.10,2.40,西瓜类,斤,2021-06-12
特小风,2.00,2.25,2.50,西瓜类,斤,2021-06-12
L600吊秧瓜,1.80,2.15,2.50,西瓜类,斤,2021-06-12
甜王,0.90,1.05,1.20,西瓜类,斤,2021-06-12
蜜童,1.50,1.75,2.00,西瓜类,斤,2021-06-12
墨童西瓜,1.50,1.75,2.00,西瓜类,斤,2021-06-12
国产香蕉,2.20,2.50,2.80,香蕉类,斤,2021-06-12
南美、菲律宾香蕉,3.00,3.25,3.50,香蕉类,斤,2021-06-12
泰国香蕉（帝王蕉）,8.00,8.50,9.00,香蕉类,斤,2021-06-12
皇帝(小米）香蕉,3.00,3.40,3.80,香蕉类,斤,2021-06-12
晓蜜25号,1.80,2.00,2.20,甜瓜类,斤,2021-06-12
黄金瓜／金蜜,2.00,2.10,2.20,甜瓜类,斤,2021-06-12
玉菇,2.00,2.25,2.50,甜瓜类,斤,2021-06-12
网纹,3.00,3.25,3.50,甜瓜类,斤,2021-06-12
长香玉,1.40,1.50,1.60,甜瓜类,斤,2021-06-12
24白糖罐,1.50,1.75,2.00,甜瓜类,斤,2021-06-12
羊角蜜,1.70,2.50,3.30,甜瓜类,斤,2021-06-12
花蕾甜瓜,2.50,3.00,3.50,甜瓜类,斤,2021-06-12
鸡爪,16.00,16.00,16.00,禽肉类,斤,2021-06-12
鸡头,2.00,2.25,2.50,禽肉类,斤,2021-06-12
鸡架子,2.00,2.25,2.50,禽肉类,斤,2021-06-12
鸡翅根,8.00,8.00,8.00,禽肉类,斤,2021-06-12
白条乌鸡（净膛）,13.00,13.00,13.00,禽肉类,斤,2021-06-12
箱鸡蛋,190.00,192.50,195.00,蛋类,斤,2021-06-12
箱鸡蛋,4.32,4.38,4.43,蛋类,斤,2021-06-12
散鸡蛋,4.60,4.60,4.60,蛋类,斤,2021-06-12
生鸭蛋,5.50,6.00,6.50,蛋类,斤,2021-06-12
熟鸭蛋,5.80,6.65,7.50,蛋类,斤,2021-06-12
松花蛋,6.00,7.00,8.00,蛋类,斤,2021-06-12
鹅蛋,12.00,12.50,13.00,蛋类,斤,2021-06-12
鹌鹑蛋,5.20,5.85,6.50,蛋类,斤,2021-06-12
柴鸡蛋,4.60,7.30,10.00,蛋类,斤,2021-06-12
乌鸡蛋,7.80,8.15,8.50,蛋类,斤,2021-06-12
鸵鸟蛋,100.00,110.00,120.00,蛋类,个,2021-06-12
鸽子蛋,2.50,2.55,2.60,蛋类,个,2021-06-12
北豆腐（屉）,1.60,1.60,1.60,豆制品,斤,2021-06-12
南豆腐（屉）,1.80,1.80,1.80,豆制品,斤,2021-06-12
白玉北豆腐,4.00,4.00,4.00,豆制品,盒,2021-06-12
长茄,0.80,1.10,1.40,辽,斤,2021-06-14
广茄,1.30,1.65,2.00,冀,斤,2021-06-14
线茄,2.00,2.50,3.00,冀,斤,2021-06-14
吊冬瓜,0.65,0.73,0.80,冀,斤,2021-06-14
地冬瓜,0.50,0.55,0.60,冀,斤,2021-06-14
小毛冬瓜,0.80,1.00,1.20,冀长,斤,2021-06-14
架豆,1.00,1.50,2.00,普通,斤,2021-06-14
豆王,1.80,2.90,4.00,普通,斤,2021-06-14
扁豆,2.00,3.00,4.00,冀鲁聊城,斤,2021-06-14
豇豆,2.00,2.40,2.80,鲁京,斤,2021-06-14
白不老,1.60,1.70,1.80,滇|鲁,斤,2021-06-14
锅里变架豆,1.30,1.40,1.50,普通,斤,2021-06-14
油豆,2.20,2.85,3.50,鲁,斤,2021-06-14
毛豆,4.00,4.15,4.30,普通,斤,2021-06-14
豌豆,1.30,1.50,1.70,普通,斤,2021-06-14
蚕豆,1.20,1.30,1.40,普通,斤,2021-06-14
荷兰豆,5.00,5.60,6.20,冀云,斤,2021-06-14
玉米,1.50,1.60,1.70,川冀,斤,2021-06-14
花生,4.50,5.00,5.50,广东海南,斤,2021-06-14
苦瓜,2.00,2.30,2.60,冀鲁,斤,2021-06-14
菠菜,3.00,3.25,3.50,水菜,斤,2021-06-14
苋菜,2.00,2.50,3.00,水菜,斤,2021-06-14
菊花菜,1.00,1.25,1.50,水菜,斤,2021-06-14
青蒜,2.00,2.25,2.50,水菜,斤,2021-06-14
盖菜,1.50,1.75,2.00,水菜,斤,2021-06-14
芥兰,2.00,2.10,2.20,水菜,斤,2021-06-14
菜心,2.00,2.50,3.00,水菜,斤,2021-06-14
空心菜,2.00,2.50,3.00,水菜,斤,2021-06-14
鸡毛菜,3.00,3.25,3.50,水菜,斤,2021-06-14
荠菜,13.00,14.00,15.00,水菜,斤,2021-06-14
荆芥,4.50,4.75,5.00,水菜,斤,2021-06-14
紫苏叶,3.00,3.50,4.00,水菜,斤,2021-06-14
豌豆苗,3.00,3.50,4.00,水菜,斤,2021-06-14
快菜,1.00,1.25,1.50,水菜,斤,2021-06-14
苦菊,1.50,1.75,2.00,水菜,斤,2021-06-14
穿心莲,1.50,1.75,2.00,水菜,斤,2021-06-14
木耳菜,2.00,2.25,2.50,水菜,斤,2021-06-14
网纹,3.00,3.50,4.00,甜瓜类,斤,2021-06-14
长香玉,1.40,1.50,1.60,甜瓜类,斤,2021-06-14
24白糖罐,1.50,1.75,2.00,甜瓜类,斤,2021-06-14
青皮芒果,3.00,3.50,4.00,芒果类,斤,2021-06-13
水仙芒果,3.50,4.50,5.50,芒果类,斤,2021-06-13
肯特新世纪澳芒,3.00,4.50,6.00,芒果类,斤,2021-06-13
妃子笑,4.00,5.00,6.00,荔枝类,斤,2021-06-13
荔枝王,9.00,9.50,10.00,荔枝类,斤,2021-06-13
鸡嘴荔枝,8.00,9.00,10.00,荔枝类,斤,2021-06-13
玉荷包荔枝,4.00,4.50,5.00,荔枝类,斤,2021-06-13
桂味,8.00,9.00,10.00,荔枝类,斤,2021-06-13
越荔荔枝,7.00,8.00,9.00,荔枝类,斤,2021-06-13
红灯,8.00,10.50,13.00,樱桃类,斤,2021-06-13
水晶,10.00,14.00,18.00,樱桃类,斤,2021-06-13
美早,6.50,23.25,40.00,樱桃类,斤,2021-06-13
布鲁克斯,6.00,11.00,16.00,樱桃类,斤,2021-06-13
先锋樱桃,5.00,10.00,15.00,樱桃类,斤,2021-06-13
冰库,8.00,10.00,12.00,樱桃类,斤,2021-06-13
沙蜜托,7.00,10.50,14.00,樱桃类,斤,2021-06-13
白条猪（瘦）,10.00,10.00,10.00,猪肉类,斤,2021-06-13
白条猪（肥）,7.50,7.50,7.50,猪肉类,斤,2021-06-13
前臀尖（瘦）,8.50,9.00,9.50,猪肉类,斤,2021-06-13
前臀尖（肥）,7.50,8.00,8.50,猪肉类,斤,2021-06-13
猪肠头,22.00,22.00,22.00,猪肉类,斤,2021-06-12
猪肠,20.00,20.50,21.00,猪肉类,斤,2021-06-12
整牛,33.00,33.00,33.00,牛肉类,斤,2021-06-12
牛前腱,36.00,36.25,36.50,牛肉类,斤,2021-06-12
牛后腱,36.00,36.25,36.50,牛肉类,斤,2021-06-12
牛前腿,34.00,34.50,35.00,牛肉类,斤,2021-06-12
牛后腿,34.00,34.50,35.00,牛肉类,斤,2021-06-12
牛柳（里脊）,37.00,37.50,38.00,牛肉类,斤,2021-06-12
精牛柳,41.00,42.00,43.00,牛肉类,斤,2021-06-12
牛腩,34.00,34.50,35.00,牛肉类,斤,2021-06-12
牛林,34.00,34.50,35.00,牛肉类,斤,2021-06-12
牛骨,4.50,4.75,5.00,牛肉类,斤,2021-06-12
牛板筋,34.00,34.50,35.00,牛肉类,斤,2021-06-12
牛尾,33.00,34.00,35.00,牛肉类,斤,2021-06-12
牛上脑,34.00,34.50,35.00,牛肉类,斤,2021-06-12
整羊,25.00,25.50,26.00,羊肉类,斤,2021-06-12
去骨羊前腿,39.00,39.00,39.00,羊肉类,斤,2021-06-12
去骨羊后腿,39.00,39.50,40.00,羊肉类,斤,2021-06-12
羊腰窝,38.00,38.00,38.00,羊肉类,斤,2021-06-12
羊肉片,38.00,39.00,40.00,羊肉类,斤,2021-06-12
娃娃菜,0.50,0.65,0.80,大小,斤,2021-06-13
小白菜,0.60,0.70,0.80,普通,斤,2021-06-13
芹菜,0.60,0.70,0.80,冀,斤,2021-06-13
西芹,1.50,1.65,1.80,普通,斤,2021-06-13
菠菜,0.60,0.80,1.00,冀蒙,斤,2021-06-13
莴笋,0.80,1.05,1.30,冀鲁,斤,2021-06-13
团生菜,0.80,0.90,1.00,毛|净,斤,2021-06-13
圆白菜,0.30,0.38,0.45,冀,斤,2021-06-13
紫甘蓝,0.60,0.65,0.70,冀,斤,2021-06-13
散叶生菜,0.80,1.10,1.40,京冀,斤,2021-06-13
油菜,1.00,1.10,1.20,京冀,斤,2021-06-13
香菜,1.80,1.90,2.00,冀,斤,2021-06-13
茴香,0.80,1.00,1.20,冀,斤,2021-06-13
韭菜,0.80,0.90,1.00,普通,斤,2021-06-13
韭菜苔,3.50,3.75,4.00,普通,斤,2021-06-13
箱装菠萝（上六下六）,1.40,1.60,1.80,其他类,斤,2021-06-13
百香果,10.00,11.00,12.00,其他类,斤,2021-06-13
桑葚,3.00,4.00,5.00,其他类,斤,2021-06-13
红颜九九草莓,7.00,8.00,9.00,其他类,斤,2021-06-13
杨梅,10.00,12.00,14.00,其他类,斤,2021-06-13
金丝南瓜,0.50,0.55,0.60,鲁冀,斤,2021-06-11
南北瓜,0.80,0.85,0.90,桂,斤,2021-06-11
尖椒,1.00,1.25,1.50,冀晋鲁新,斤,2021-06-11
螺丝椒,1.30,1.50,1.70,普通,斤,2021-06-11
柿子椒,1.00,1.25,1.50,鲁新,斤,2021-06-11
线椒,1.60,1.80,2.00,鲁琼新,斤,2021-06-11
杭椒,1.80,1.90,2.00,普通,斤,2021-06-11
小米椒,4.00,4.50,5.00,滇,斤,2021-06-11
彩椒,3.50,3.75,4.00,红黄,斤,2021-06-11
白萝卜,0.30,0.35,0.40,冀,斤,2021-06-11
心里美,0.70,0.75,0.80,冀新,斤,2021-06-11
卞萝卜,0.40,0.45,0.50,冀,斤,2021-06-11
青萝卜,0.80,0.85,0.90,冀鲁新,斤,2021-06-11
胡萝卜,0.70,0.80,0.90,冀鲁新,斤,2021-06-11
胡萝卜（洗）,0.90,1.00,1.10,冀鲁,斤,2021-06-11
土豆,0.70,0.80,0.90,冀,斤,2021-06-11
新土豆（黄心）,0.80,1.00,1.20,鲁,斤,2021-06-11
黄葱头,0.90,1.05,1.20,蒙甘,斤,2021-06-11
红葱头,1.10,1.20,1.30,老新,斤,2021-06-11
山药,2.00,2.35,2.70,脆麻新,斤,2021-06-11
肉鸡,6.50,6.50,6.50,禽肉类,斤,2021-06-14
鸡胸,7.00,7.25,7.50,禽肉类,斤,2021-06-14
鸡翅,10.00,10.50,11.00,禽肉类,斤,2021-06-14
鸡翅中,21.00,21.00,21.00,禽肉类,斤,2021-06-14
鸡边腿,7.00,7.00,7.00,禽肉类,斤,2021-06-14
鸡排腿,7.50,7.50,7.50,禽肉类,斤,2021-06-14
鸡琵琶腿,7.50,7.75,8.00,禽肉类,斤,2021-06-14
鸡胗,12.00,12.50,13.00,禽肉类,斤,2021-06-14
鸡爪,16.00,16.00,16.00,禽肉类,斤,2021-06-14
鸡心,8.00,8.25,8.50,禽肉类,斤,2021-06-14
鸡头,2.00,2.25,2.50,禽肉类,斤,2021-06-14
鸡架子,2.00,2.25,2.50,禽肉类,斤,2021-06-14
鸡翅根,8.00,8.00,8.00,禽肉类,斤,2021-06-14
白条乌鸡（净膛）,13.00,13.00,13.00,禽肉类,斤,2021-06-14
箱鸡蛋,188.00,191.50,195.00,蛋类,斤,2021-06-14
箱鸡蛋,4.27,4.35,4.43,蛋类,斤,2021-06-14
散鸡蛋,4.60,4.60,4.60,蛋类,斤,2021-06-14
生鸭蛋,5.50,6.00,6.50,蛋类,斤,2021-06-14
熟鸭蛋,5.80,6.65,7.50,蛋类,斤,2021-06-14
松花蛋,6.00,7.00,8.00,蛋类,斤,2021-06-14
白萝卜,0.30,0.35,0.40,冀,斤,2021-06-12
心里美,0.70,0.75,0.80,冀新,斤,2021-06-12
卞萝卜,0.40,0.45,0.50,冀,斤,2021-06-12
青萝卜,0.80,0.85,0.90,冀鲁新,斤,2021-06-12
胡萝卜,0.70,0.80,0.90,冀鲁新,斤,2021-06-12
胡萝卜（洗）,0.90,1.00,1.10,冀鲁,斤,2021-06-12
土豆,0.70,0.80,0.90,冀,斤,2021-06-12
新土豆（黄心）,0.80,1.00,1.20,鲁,斤,2021-06-12
黄葱头,0.80,0.90,1.00,蒙甘,斤,2021-06-12
红葱头,1.00,1.10,1.20,老新,斤,2021-06-12
山药,2.00,2.35,2.70,脆麻新,斤,2021-06-12
铁棍山药,5.00,5.50,6.00,,斤,2021-06-12
莲藕,6.00,7.00,8.00,冀云,斤,2021-06-12
红薯,1.20,1.25,1.30,冀新,斤,2021-06-12
红薯,1.50,1.75,2.00,精品,斤,2021-06-12
茭白,2.50,2.75,3.00,京浙,斤,2021-06-12
凉薯,2.00,2.15,2.30,普通,斤,2021-06-12
荸荠,3.00,3.40,3.80,皖,斤,2021-06-12
芋头,2.00,2.15,2.30,鲁,斤,2021-06-12
苇叶,6.00,7.25,8.50,普通,斤,2021-06-12
线椒,1.60,1.80,2.00,鲁琼新,斤,2021-06-13
杭椒,1.80,1.90,2.00,普通,斤,2021-06-13
小米椒,4.00,4.50,5.00,滇,斤,2021-06-13
彩椒,3.50,4.25,5.00,红黄,斤,2021-06-13
白萝卜,0.30,0.35,0.40,冀,斤,2021-06-13
心里美,0.70,0.75,0.80,冀新,斤,2021-06-13
卞萝卜,0.40,0.45,0.50,冀,斤,2021-06-13
青萝卜,0.80,0.85,0.90,冀鲁新,斤,2021-06-13
胡萝卜,0.70,0.80,0.90,冀鲁新,斤,2021-06-13
胡萝卜（洗）,0.90,0.95,1.00,冀鲁,斤,2021-06-13
土豆,0.70,0.80,0.90,冀,斤,2021-06-13
新土豆（黄心）,0.80,1.00,1.20,鲁,斤,2021-06-13
黄葱头,0.80,0.90,1.00,蒙甘,斤,2021-06-13
红葱头,1.00,1.10,1.20,老新,斤,2021-06-13
山药,2.00,2.35,2.70,脆麻新,斤,2021-06-13
铁棍山药,5.00,5.50,6.00,普通,斤,2021-06-13
莲藕,6.00,7.00,8.00,冀云,斤,2021-06-13
红薯,1.20,1.25,1.30,冀新,斤,2021-06-13
红薯,1.50,1.75,2.00,精品,斤,2021-06-13
茭白,2.50,2.75,3.00,京浙,斤,2021-06-13
豌豆,1.30,1.50,1.70,普通,斤,2021-06-12
蚕豆,1.20,1.30,1.40,普通,斤,2021-06-12
荷兰豆,5.00,5.60,6.20,冀云,斤,2021-06-12
玉米,1.70,1.85,2.00,普通,斤,2021-06-12
花生,4.50,5.00,5.50,广东海南,斤,2021-06-12
苦瓜,2.00,2.25,2.50,冀鲁,斤,2021-06-12
丝瓜,1.50,1.75,2.00,豫鲁,斤,2021-06-12
丝瓜,2.00,2.25,2.50,短,斤,2021-06-12
瓠子,0.80,0.90,1.00,普通,斤,2021-06-12
西葫芦,0.50,0.70,0.90,滇鲁,斤,2021-06-12
佛手瓜,2.50,2.75,3.00,普通,斤,2021-06-12
金丝南瓜,0.50,0.55,0.60,鲁冀,斤,2021-06-12
南北瓜,0.80,0.85,0.90,桂,斤,2021-06-12
尖椒,1.00,1.25,1.50,冀晋鲁新,斤,2021-06-12
螺丝椒,1.30,1.65,2.00,普通,斤,2021-06-12
柿子椒,1.00,1.25,1.50,鲁新,斤,2021-06-12
线椒,1.60,1.80,2.00,鲁琼新,斤,2021-06-12
杭椒,1.80,1.90,2.00,普通,斤,2021-06-12
椰青个,6.00,6.25,6.50,其他类,斤,2021-06-12
箱装菠萝（上六下六）,1.40,1.60,1.80,其他类,斤,2021-06-12
羊腰子（挂油）,15.00,15.50,16.00,羊肉类,个,2021-06-12
羊蝎子,16.00,16.50,17.00,羊肉类,斤,2021-06-12
羊蝎子（精品）,29.00,29.50,30.00,羊肉类,斤,2021-06-12
羊排骨,29.00,29.50,30.00,羊肉类,斤,2021-06-12
羊尾巴油,9.00,9.00,9.00,羊肉类,斤,2021-06-12
羊小腿（羊棒）,24.00,24.50,25.00,羊肉类,斤,2021-06-12
羊上脑,39.00,39.00,39.00,羊肉类,斤,2021-06-12
羊骨头,10.00,10.00,10.00,羊肉类,斤,2021-06-12
羊腩,30.00,30.00,30.00,羊肉类,斤,2021-06-12
羊里脊,39.00,39.00,39.00,羊肉类,斤,2021-06-12
淘汰鸡（干净膛）,11.00,11.00,11.00,禽肉类,斤,2021-06-12
淘汰鸡（净膛）,10.00,10.00,10.00,禽肉类,斤,2021-06-12
仔鸡（净膛）,7.00,7.00,7.00,禽肉类,斤,2021-06-12
肉鸡,6.50,6.50,6.50,禽肉类,斤,2021-06-12
鸡胸,7.00,7.25,7.50,禽肉类,斤,2021-06-12
鸡翅,10.00,10.50,11.00,禽肉类,斤,2021-06-12
鸡翅中,21.00,21.00,21.00,禽肉类,斤,2021-06-12
鸡边腿,7.00,7.00,7.00,禽肉类,斤,2021-06-12
鸡排腿,7.50,7.50,7.50,禽肉类,斤,2021-06-12
鸡琵琶腿,7.50,7.75,8.00,禽肉类,斤,2021-06-12
久红瑞,1.80,1.90,2.00,甜瓜类,斤,2021-06-12
绿宝甜瓜,2.00,2.75,3.50,甜瓜类,斤,2021-06-12
博阳（系列）,1.80,2.40,3.00,甜瓜类,斤,2021-06-12
景甜,1.50,1.75,2.00,甜瓜类,斤,2021-06-12
富士（纸袋Φ70-84）,1.80,2.30,2.80,苹果类,斤,2021-06-12
富士（纸+膜袋）,1.50,1.75,2.00,苹果类,斤,2021-06-12
富士（纸袋Φ85以上）,2.50,3.00,3.50,苹果类,斤,2021-06-12
黄元帅,1.50,1.75,2.00,苹果类,斤,2021-06-12
花牛(Φ70-85),1.40,2.00,2.60,苹果类,斤,2021-06-12
新疆阿克苏（冰糖心）,3.00,3.50,4.00,苹果类,斤,2021-06-12
国光苹果,1.00,1.40,1.80,苹果类,斤,2021-06-12
辽宁寒富苹果,1.50,1.75,2.00,苹果类,斤,2021-06-12
巨峰葡萄,5.00,5.50,6.00,葡萄类,斤,2021-06-12
红提葡萄,8.00,9.00,10.00,葡萄类,斤,2021-06-12
玫瑰香葡萄,5.00,6.00,7.00,葡萄类,斤,2021-06-12
克伦生,6.00,8.00,10.00,葡萄类,斤,2021-06-12
黑提葡萄、夏黑,6.00,8.00,10.00,葡萄类,斤,2021-06-12
茉莉香葡萄,9.00,10.00,11.00,葡萄类,斤,2021-06-12
乒乓球葡萄,6.00,8.00,10.00,葡萄类,斤,2021-06-12
维多利亚葡萄,4.00,5.00,6.00,葡萄类,斤,2021-06-12
郁金香,9.00,10.00,11.00,葡萄类,斤,2021-06-12
紫甜,8.00,8.50,9.00,葡萄类,斤,2021-06-12
台农小芒果,2.50,3.25,4.00,芒果类,斤,2021-06-12
台农大芒果,2.50,3.75,5.00,芒果类,斤,2021-06-12
红金龙,4.00,5.00,6.00,芒果类,斤,2021-06-12
高乐密,2.50,3.75,5.00,芒果类,斤,2021-06-12
青皮芒果,3.00,3.50,4.00,芒果类,斤,2021-06-12
水仙芒果,3.50,4.50,5.50,芒果类,斤,2021-06-12
肯特新世纪澳芒,3.00,4.50,6.00,芒果类,斤,2021-06-12
妃子笑,4.00,5.00,6.00,荔枝类,斤,2021-06-12
荔枝王,9.00,9.50,10.00,荔枝类,斤,2021-06-12
鸡嘴荔枝,8.00,9.00,10.00,荔枝类,斤,2021-06-12
玉荷包荔枝,4.00,4.50,5.00,荔枝类,斤,2021-06-12
桂味,8.00,9.00,10.00,荔枝类,斤,2021-06-12
越荔荔枝,7.00,8.00,9.00,荔枝类,斤,2021-06-12
红灯,8.00,10.50,13.00,樱桃类,斤,2021-06-12
水晶,10.00,14.00,18.00,樱桃类,斤,2021-06-12
美早,6.50,23.25,40.00,樱桃类,斤,2021-06-12
布鲁克斯,6.00,11.00,16.00,樱桃类,斤,2021-06-12
先锋樱桃,5.00,10.00,15.00,樱桃类,斤,2021-06-12
苦菊,1.00,1.15,1.30,辽,斤,2021-06-11
油麦菜,0.90,1.00,1.10,京,斤,2021-06-11
散菜花,1.10,1.30,1.50,豫苏,斤,2021-06-11
绿菜花,1.50,1.75,2.00,京 冀,斤,2021-06-11
菜花,1.10,1.30,1.50,冀,斤,2021-06-11
绿豆芽,0.95,0.98,1.00,普通,斤,2021-06-11
黄豆芽,0.85,0.88,0.90,普通,斤,2021-06-11
紫菜苔,3.00,3.10,3.20,普通,斤,2021-06-11
番茄,1.00,1.30,1.60,川鲁蒙,斤,2021-06-11
番茄（精品）,1.50,1.65,1.80,鲁新,斤,2021-06-11
樱西,2.80,2.90,3.00,小红,斤,2021-06-11
黄瓜,0.70,0.85,1.00,蒙辽袋鲁,斤,2021-06-11
黄瓜(鲜干花),0.90,1.00,1.10,冀,斤,2021-06-11
小黄瓜,1.60,2.10,2.60,旱荷兰,斤,2021-06-11
茄子,1.00,1.10,1.20,冀,斤,2021-06-11
长茄,0.80,1.10,1.40,辽,斤,2021-06-11
广茄,1.30,1.65,2.00,冀,斤,2021-06-11
线茄,2.00,2.75,3.50,冀,斤,2021-06-11
吊冬瓜,0.70,0.75,0.80,冀,斤,2021-06-11
地冬瓜,0.50,0.53,0.55,冀,斤,2021-06-11
伦晚,1.80,2.40,3.00,柑橘类,斤,2021-06-13
油桃,2.50,4.25,6.00,桃李杏类,斤,2021-06-13
蟠桃,4.00,5.50,7.00,桃李杏类,斤,2021-06-13
水蜜桃,8.00,9.00,10.00,桃李杏类,斤,2021-06-13
春雪,2.80,5.40,8.00,桃李杏类,斤,2021-06-13
黄油桃,5.00,6.50,8.00,桃李杏类,斤,2021-06-13
黄毛桃,5.00,6.50,8.00,桃李杏类,斤,2021-06-13
突围,2.50,3.00,3.50,桃李杏类,斤,2021-06-13
猕猴桃（徐香翠香）,2.50,3.25,4.00,桃李杏类,斤,2021-06-13
猕猴桃（海沃德）,2.00,2.25,2.50,桃李杏类,斤,2021-06-13
胭脂杏,3.00,3.50,4.00,桃李杏类,斤,2021-06-13
李子,2.50,4.25,6.00,桃李杏类,斤,2021-06-13
秦杏,2.50,3.00,3.50,桃李杏类,斤,2021-06-13
金太阳,1.20,1.60,2.00,桃李杏类,斤,2021-06-13
凯特杏、白杏,2.00,2.50,3.00,桃李杏类,斤,2021-06-13
无籽小号-大号,1.80,1.90,2.00,西瓜类,斤,2021-06-13
麒麟、甜蜜蜜,1.80,2.10,2.40,西瓜类,斤,2021-06-13
特小风,2.00,2.25,2.50,西瓜类,斤,2021-06-13
L600吊秧瓜,1.80,2.15,2.50,西瓜类,斤,2021-06-13
甜王,0.90,1.05,1.20,西瓜类,斤,2021-06-13
小毛冬瓜,0.80,1.00,1.20,冀长,斤,2021-06-11
架豆,1.00,1.25,1.50,普通,斤,2021-06-11
豆王,1.80,2.65,3.50,普通,斤,2021-06-11
扁豆,2.00,3.00,4.00,冀鲁聊城,斤,2021-06-11
豇豆,1.90,2.45,3.00,鲁京,斤,2021-06-11
白不老,1.80,1.90,2.00,滇|鲁,斤,2021-06-11
锅里变架豆,1.80,1.90,2.00,普通,斤,2021-06-11
油豆,2.20,2.85,3.50,鲁,斤,2021-06-11
毛豆,4.00,4.15,4.30,普通,斤,2021-06-11
豌豆,1.30,1.33,1.35,普通,斤,2021-06-11
蚕豆,1.20,1.25,1.30,普通,斤,2021-06-11
荷兰豆,5.00,5.60,6.20,冀云,斤,2021-06-11
玉米,1.50,1.60,1.70,普通,斤,2021-06-11
花生,4.50,5.00,5.50,广东海南,斤,2021-06-11
苦瓜,2.00,2.40,2.80,冀鲁,斤,2021-06-11
丝瓜,1.50,1.75,2.00,豫鲁,斤,2021-06-11
丝瓜,2.00,2.50,3.00,短,斤,2021-06-11
瓠子,1.50,1.75,2.00,普通,斤,2021-06-11
西葫芦,0.50,0.70,0.90,滇鲁,斤,2021-06-11
佛手瓜,2.50,2.75,3.00,普通,斤,2021-06-11
香香北豆腐,3.00,3.00,3.00,豆制品,盒,2021-06-12
白玉南豆腐,5.50,5.50,5.50,豆制品,盒,2021-06-12
豆腐丝,5.00,5.00,5.00,豆制品,斤,2021-06-12
精品豆腐丝,6.00,6.00,6.00,豆制品,袋,2021-06-12
豆腐皮,5.50,5.50,5.50,豆制品,斤,2021-06-12
豆腐干,4.50,4.50,4.50,豆制品,斤,2021-06-12
精品豆腐干,5.00,5.00,5.00,豆制品,袋,2021-06-12
豆腐泡,5.50,5.50,5.50,豆制品,斤,2021-06-12
精品豆腐泡,5.00,5.00,5.00,豆制品,袋,2021-06-12
白玉内酯豆腐,2.50,2.50,2.50,豆制品,盒,2021-06-12
香香内脂豆腐,1.50,1.50,1.50,豆制品,盒,2021-06-12
白条猪（瘦）,10.25,10.25,10.25,猪肉类,斤,2021-06-12
白条猪（肥）,8.50,8.50,8.50,猪肉类,斤,2021-06-12
前臀尖（瘦）,9.00,9.50,10.00,猪肉类,斤,2021-06-12
前臀尖（肥）,8.00,8.50,9.00,猪肉类,斤,2021-06-12
后臀尖（瘦）,9.00,9.50,10.00,猪肉类,斤,2021-06-12
后臀尖（肥）,8.00,8.50,9.00,猪肉类,斤,2021-06-12
五花肉（瘦）,12.00,12.50,13.00,猪肉类,斤,2021-06-12
五花肉（肥）,11.00,11.50,12.00,猪肉类,斤,2021-06-12
纯通脊,11.00,11.50,12.00,猪肉类,斤,2021-06-12
冰库,8.00,10.00,12.00,樱桃类,斤,2021-06-12
沙蜜托,7.00,10.50,14.00,樱桃类,斤,2021-06-12
后肘,8.00,9.00,10.00,猪肉类,斤,2021-06-12
猪尾巴,40.00,41.00,42.00,猪肉类,斤,2021-06-12
猪蹄,18.00,18.00,18.00,猪肉类,斤,2021-06-12
纯排骨,21.00,22.00,23.00,猪肉类,斤,2021-06-12
纯腔骨,8.00,9.00,10.00,猪肉类,斤,2021-06-12
腔排骨,15.00,16.00,17.00,猪肉类,斤,2021-06-12
棒骨,10.00,10.50,11.00,猪肉类,斤,2021-06-12
猪头,13.00,13.00,13.00,猪肉类,斤,2021-06-12
猪口条,19.00,19.00,19.00,猪肉类,斤,2021-06-12
猪耳,26.00,26.00,26.00,猪肉类,斤,2021-06-12
猪肚,18.00,18.00,18.00,猪肉类,斤,2021-06-12
猪板油,9.00,9.00,9.00,猪肉类,斤,2021-06-12
肥膘肉,6.00,6.50,7.00,猪肉类,斤,2021-06-12
猪腰子,18.00,18.00,18.00,猪肉类,斤,2021-06-12
猪心,9.00,9.00,9.00,猪肉类,斤,2021-06-12
猪肝,8.00,8.00,8.00,猪肉类,斤,2021-06-12
猪肺,4.00,4.25,4.50,猪肉类,个,2021-06-12
猪皮,3.00,4.00,5.00,猪肉类,斤,2021-06-12
蜜梨,2.00,2.50,3.00,梨类,斤,2021-06-12
耙耙柑、丑橘,2.00,2.50,3.00,柑橘类,斤,2021-06-12
鄂、湘、川脐橙,1.80,2.40,3.00,柑橘类,斤,2021-06-12
沃柑,3.50,4.00,4.50,柑橘类,斤,2021-06-12
夏橙,2.00,2.50,3.00,柑橘类,斤,2021-06-12
金桔,5.00,6.00,7.00,柑橘类,斤,2021-06-12
伦晚,1.80,2.40,3.00,柑橘类,斤,2021-06-12
油桃,2.50,4.25,6.00,桃李杏类,斤,2021-06-12
蟠桃,4.00,5.50,7.00,桃李杏类,斤,2021-06-12
水蜜桃,8.00,9.00,10.00,桃李杏类,斤,2021-06-12
春雪,2.80,5.40,8.00,桃李杏类,斤,2021-06-12
黄油桃,5.00,6.50,8.00,桃李杏类,斤,2021-06-12
黄毛桃,5.00,6.50,8.00,桃李杏类,斤,2021-06-12
突围,2.50,3.00,3.50,桃李杏类,斤,2021-06-12
猕猴桃（徐香翠香）,2.50,3.25,4.00,桃李杏类,斤,2021-06-12
猕猴桃（海沃德）,2.00,2.25,2.50,桃李杏类,斤,2021-06-12
胭脂杏,3.00,3.50,4.00,桃李杏类,斤,2021-06-12
李子,5.00,6.50,8.00,桃李杏类,斤,2021-06-12
秦杏,2.50,3.00,3.50,桃李杏类,斤,2021-06-12
金太阳,1.20,1.60,2.00,桃李杏类,斤,2021-06-12
凉薯,2.00,2.15,2.30,普通,斤,2021-06-13
荸荠,3.00,3.40,3.80,皖,斤,2021-06-13
芋头,2.00,2.25,2.50,鲁,斤,2021-06-13
苇叶,6.00,7.25,8.50,普通,斤,2021-06-13
姜,3.00,4.00,5.00,姜头整,斤,2021-06-13
大蒜,2.50,3.00,3.50,普通,斤,2021-06-13
新蒜,2.60,2.80,3.00,普通,斤,2021-06-13
蒜米,3.20,3.50,3.80,普通,斤,2021-06-13
大葱,0.70,0.95,1.20,冀鲁,斤,2021-06-13
小葱,1.00,1.10,1.20,普通,斤,2021-06-13
蒜苗,2.00,3.25,4.50,苏鲁,斤,2021-06-13
蒜黄,5.00,5.50,6.00,冀,斤,2021-06-13
青蒜,2.20,2.50,2.80,冀,斤,2021-06-13
平菇,3.00,3.25,3.50,小叶,斤,2021-06-13
香菇,3.00,4.00,5.00,普通,斤,2021-06-13
白玉菇,3.00,3.40,3.80,普通,斤,2021-06-13
口蘑,6.00,6.30,6.60,普通,斤,2021-06-13
杏鲍菇,2.00,2.50,3.00,普通,斤,2021-06-13
金针菇,1.20,1.60,2.00,普通,斤,2021-06-13
大白菜,0.40,0.50,0.60,储存新,斤,2021-06-13
铁棍山药,5.00,5.50,6.00,普通,斤,2021-06-11
莲藕,6.00,7.00,8.00,冀云,斤,2021-06-11
红薯,1.20,1.25,1.30,冀新,斤,2021-06-11
红薯,1.50,1.75,2.00,精品,斤,2021-06-11
茭白,2.50,2.75,3.00,京浙,斤,2021-06-11
凉薯,2.00,2.15,2.30,普通,斤,2021-06-11
荸荠,3.00,3.40,3.80,皖,斤,2021-06-11
芋头,2.00,2.15,2.30,鲁,斤,2021-06-11
苇叶,6.00,7.25,8.50,普通,斤,2021-06-11
姜,3.00,4.00,5.00,姜头整,斤,2021-06-11
大蒜,2.50,3.00,3.50,普通,斤,2021-06-11
新蒜,2.60,2.80,3.00,普通,斤,2021-06-11
蒜米,3.20,3.50,3.80,普通,斤,2021-06-11
大葱,0.90,1.05,1.20,冀鲁,斤,2021-06-11
小葱,1.00,1.10,1.20,普通,斤,2021-06-11
蒜苗,2.00,3.25,4.50,苏鲁,斤,2021-06-11
蒜黄,5.00,5.50,6.00,冀,斤,2021-06-11
青蒜,2.20,2.50,2.80,冀,斤,2021-06-11
平菇,3.00,3.25,3.50,小叶,斤,2021-06-11
香菇,3.00,4.00,5.00,普通,斤,2021-06-11
通脊,8.00,9.00,10.00,猪肉类,斤,2021-06-12
纯瘦肉,10.00,10.50,11.00,猪肉类,斤,2021-06-12
护心肉,17.00,17.00,17.00,猪肉类,斤,2021-06-12
前肘,10.00,10.50,11.00,猪肉类,斤,2021-06-12
大白菜,0.50,0.55,0.60,储存新,斤,2021-06-11
娃娃菜,0.60,0.75,0.90,大小,斤,2021-06-11
小白菜,0.50,0.60,0.70,普通,斤,2021-06-11
芹菜,0.80,0.90,1.00,冀,斤,2021-06-11
西芹,1.50,1.65,1.80,普通,斤,2021-06-11
菠菜,1.30,1.55,1.80,冀蒙,斤,2021-06-11
莴笋,1.20,1.35,1.50,冀鲁,斤,2021-06-11
团生菜,0.80,0.90,1.00,毛|净,斤,2021-06-11
圆白菜,0.30,0.40,0.50,冀,斤,2021-06-11
紫甘蓝,0.70,0.73,0.75,冀,斤,2021-06-11
散叶生菜,0.80,1.00,1.20,京冀,斤,2021-06-11
油菜,1.00,1.10,1.20,京冀,斤,2021-06-11
香菜,1.80,1.90,2.00,冀,斤,2021-06-11
茴香,1.00,1.20,1.40,冀,斤,2021-06-11
韭菜,1.00,1.10,1.20,普通,斤,2021-06-11
韭菜苔,3.50,3.75,4.00,普通,斤,2021-06-11
鹅蛋,12.00,12.50,13.00,蛋类,斤,2021-06-14
鹌鹑蛋,5.20,5.85,6.50,蛋类,斤,2021-06-14
柴鸡蛋,4.60,7.30,10.00,蛋类,斤,2021-06-14
乌鸡蛋,7.80,8.15,8.50,蛋类,斤,2021-06-14
鸵鸟蛋,100.00,110.00,120.00,蛋类,个,2021-06-14
鸽子蛋,2.50,2.55,2.60,蛋类,个,2021-06-14
北豆腐（屉）,1.60,1.60,1.60,豆制品,斤,2021-06-14
南豆腐（屉）,1.80,1.80,1.80,豆制品,斤,2021-06-14
白玉北豆腐,4.00,4.00,4.00,豆制品,盒,2021-06-14
香香北豆腐,3.00,3.00,3.00,豆制品,盒,2021-06-14
白玉南豆腐,5.50,5.50,5.50,豆制品,盒,2021-06-14
豆腐丝,5.00,5.00,5.00,豆制品,斤,2021-06-14
精品豆腐丝,6.00,6.00,6.00,豆制品,袋,2021-06-14
豆腐皮,5.50,5.50,5.50,豆制品,斤,2021-06-14
豆腐干,4.50,4.50,4.50,豆制品,斤,2021-06-14
精品豆腐干,5.00,5.00,5.00,豆制品,袋,2021-06-14
豆腐泡,5.50,5.50,5.50,豆制品,斤,2021-06-14
精品豆腐泡,5.00,5.00,5.00,豆制品,袋,2021-06-14
白玉内酯豆腐,2.50,2.50,2.50,豆制品,盒,2021-06-14
香香内脂豆腐,1.50,1.50,1.50,豆制品,盒,2021-06-14
